2015년_ [교양과목 성적평가 분포_(대학)_],,,,,,,,,,,,,,,,,,,,,,,,,,,,,,
,,,,,,,,,,,,,,,,,,,,,,,,,,,,,,
,,,,,,,,,,,,,,,,,,,,,,,,,,,,,,
기준년도,학교명,학기,교양과목 성적인정 총학생수,만점평점,등급(평점)별 학생수 및 비율,,,,,,,,,,,,,,,,,,,,,,,,,
,,,,,A+,,A0,,A-,,B+,,B0,,B-,,C+,,C0,,C-,,D+,,D0,,D-,,F,
,,,,,학생수,비율(%),학생수,비율(%),학생수,비율(%),학생수,비율(%),학생수,비율(%),학생수,비율(%),학생수,비율(%),학생수,비율(%),학생수,비율(%),학생수,비율(%),학생수,비율(%),학생수,비율(%),학생수,비율(%)
2014,가야대학교 _본교,1학기,"6,888",4.5,"1,059",15.4,937,13.6,0,0,"1,549",22.5,934,13.6,0,0,"1,187",17.2,507,7.4,0,0,182,2.6,125,1.8,0,0,408,5.9
2014,가야대학교 _본교,2학기,"5,895",4.5,961,16.3,722,12.2,0,0,"1,278",21.7,812,13.8,0,0,952,16.1,482,8.2,0,0,126,2.1,116,2,0,0,446,7.6
2014,가천대학교 _본교,1학기,"51,410",4.5,"7,273",14.1,"5,752",11.2,0,0,"13,300",25.9,"5,114",9.9,0,0,"10,535",20.5,"3,485",6.8,0,0,"2,288",4.5,"1,230",2.4,0,0,"2,433",4.7
2014,가천대학교 _본교,2학기,"46,840",4.5,"7,705",16.4,"4,970",10.6,0,0,"12,780",27.3,"4,243",9.1,0,0,"9,699",20.7,"2,864",6.1,0,0,"1,801",3.8,"1,067",2.3,0,0,"1,711",3.7
2014,가톨릭관동대학교 _본교,1학기,"28,817",4.5,"5,051",17.5,"3,374",11.7,0,0,"7,904",27.4,"3,521",12.2,0,0,"5,295",18.4,"1,983",6.9,0,0,517,1.8,463,1.6,0,0,709,2.5
2014,가톨릭관동대학교 _본교,2학기,"22,921",4.5,"3,648",15.9,"2,701",11.8,0,0,"5,339",23.3,"2,784",12.1,0,0,"3,440",15,"1,877",8.2,0,0,819,3.6,768,3.4,0,0,"1,545",6.7
2014,가톨릭대학교 _본교,1학기,"20,167",4.5,"4,018",19.9,"1,756",8.7,0,0,"6,354",31.5,"1,496",7.4,0,0,"4,345",21.5,969,4.8,0,0,298,1.5,227,1.1,0,0,704,3.5
2014,가톨릭대학교 _본교,2학기,"17,490",4.5,"3,580",20.5,"1,411",8.1,0,0,"5,673",32.4,"1,239",7.1,0,0,"3,672",21,821,4.7,0,0,274,1.6,222,1.3,0,0,598,3.4
2014,가톨릭대학교 _제2캠퍼스,1학기,630,4.5,158,25.1,150,23.8,0,0,130,20.6,85,13.5,0,0,59,9.4,48,7.6,0,0,0,0,0,0,0,0,0,0
2014,가톨릭대학교 _제2캠퍼스,2학기,344,4.5,56,16.3,92,26.7,0,0,76,22.1,41,11.9,0,0,29,8.4,50,14.5,0,0,0,0,0,0,0,0,0,0
2014,가톨릭대학교 _제3캠퍼스,1학기,399,4.5,132,33.1,79,19.8,0,0,67,16.8,21,5.3,0,0,55,13.8,31,7.8,0,0,5,1.3,8,2,0,0,1,0.3
2014,가톨릭대학교 _제3캠퍼스,2학기,396,4.5,143,36.1,77,19.4,0,0,73,18.4,34,8.6,0,0,24,6.1,12,3,0,0,12,3,15,3.8,0,0,6,1.5
2014,감리교신학대학교 _본교,1학기,"1,993",4,287,14.4,192,9.6,91,4.6,519,26,369,18.5,142,7.1,120,6,83,4.2,43,2.2,24,1.2,19,1,27,1.4,77,3.9
2014,감리교신학대학교 _본교,2학기,"1,851",4,200,10.8,207,11.2,123,6.6,537,29,291,15.7,132,7.1,106,5.7,85,4.6,52,2.8,33,1.8,13,0.7,30,1.6,42,2.3
2014,강남대학교 _본교,1학기,"16,153",4.5,"2,540",15.7,"1,573",9.7,0,0,"4,088",25.3,"1,865",11.5,0,0,"3,036",18.8,"1,155",7.2,0,0,436,2.7,359,2.2,0,0,"1,101",6.8
2014,강남대학교 _본교,2학기,"13,694",4.5,"1,959",14.3,"1,443",10.5,0,0,"3,467",25.3,"1,633",11.9,0,0,"2,587",18.9,"1,027",7.5,0,0,269,2,414,3,0,0,895,6.5
2014,강릉원주대학교 _본교,1학기,"12,010",4.5,"2,310",19.2,"1,187",9.9,0,0,"3,243",27,"1,374",11.4,0,0,"2,115",17.6,644,5.4,0,0,244,2,120,1,0,0,773,6.4
2014,강릉원주대학교 _본교,2학기,"11,305",4.5,"2,230",19.7,"1,077",9.5,0,0,"3,116",27.6,"1,201",10.6,0,0,"2,128",18.8,700,6.2,0,0,168,1.5,100,0.9,0,0,585,5.2
2014,강릉원주대학교 _제2캠퍼스,1학기,"4,649",4.5,960,20.6,391,8.4,0,0,"1,378",29.6,433,9.3,0,0,966,20.8,282,6.1,0,0,46,1,14,0.3,0,0,179,3.9
2014,강릉원주대학교 _제2캠퍼스,2학기,"3,700",4.5,779,21.1,299,8.1,0,0,"1,081",29.2,348,9.4,0,0,771,20.8,255,6.9,0,0,39,1.1,23,0.6,0,0,105,2.8
2014,강원대학교 _본교,1학기,"30,986",4.5,"5,843",18.9,"3,770",12.2,0,0,"7,532",24.3,"3,757",12.1,0,0,"5,290",17.1,"2,045",6.6,0,0,769,2.5,505,1.6,0,0,"1,475",4.8
2014,강원대학교 _본교,2학기,"27,401",4.5,"5,455",19.9,"3,372",12.3,0,0,"6,806",24.8,"3,199",11.7,0,0,"4,724",17.2,"1,697",6.2,0,0,681,2.5,465,1.7,0,0,"1,002",3.7
2014,강원대학교 _제2캠퍼스,1학기,"12,148",4.5,"1,964",16.2,"1,193",9.8,0,0,"2,744",22.6,"1,574",13,0,0,"2,111",17.4,"1,024",8.4,0,0,412,3.4,357,2.9,0,0,769,6.3
2014,강원대학교 _제2캠퍼스,2학기,"11,161",4.5,"1,933",17.3,"1,136",10.2,0,0,"2,854",25.6,"1,278",11.5,0,0,"1,911",17.1,958,8.6,0,0,360,3.2,267,2.4,0,0,464,4.2
2014,건국대학교 _본교,1학기,"40,658",4.5,"8,155",20.1,"4,899",12,0,0,"10,342",25.4,"4,391",10.8,0,0,"7,236",17.8,"2,308",5.7,0,0,"1,113",2.7,648,1.6,0,0,"1,566",3.9
2014,건국대학교 _본교,2학기,"35,861",4.5,"7,114",19.8,"4,421",12.3,0,0,"9,248",25.8,"3,724",10.4,0,0,"6,725",18.8,"2,118",5.9,0,0,906,2.5,533,1.5,0,0,"1,072",3
2014,건국대학교(글로컬) _분교,1학기,"15,602",4.5,"3,671",23.5,"1,602",10.3,0,0,"4,101",26.3,"1,436",9.2,0,0,"3,046",19.5,600,3.8,0,0,258,1.7,233,1.5,0,0,655,4.2
2014,건국대학교(글로컬) _분교,2학기,"15,826",4.5,"3,764",23.8,"1,630",10.3,0,0,"4,413",27.9,"1,320",8.3,0,0,"3,129",19.8,632,4,0,0,248,1.6,192,1.2,0,0,498,3.1
2014,건양대학교 _본교,1학기,"14,637",4.5,"2,692",18.4,"1,456",9.9,0,0,"4,194",28.7,"1,493",10.2,0,0,"2,967",20.3,840,5.7,0,0,332,2.3,215,1.5,0,0,448,3.1
2014,건양대학교 _본교,2학기,"13,708",4.5,"2,432",17.7,"1,327",9.7,0,0,"4,026",29.4,"1,419",10.4,0,0,"2,560",18.7,861,6.3,0,0,342,2.5,255,1.9,0,0,486,3.5
2014,건양대학교 _제2캠퍼스,1학기,"4,013",4.5,743,18.5,494,12.3,0,0,"1,166",29.1,498,12.4,0,0,756,18.8,255,6.4,0,0,56,1.4,25,0.6,0,0,20,0.5
2014,건양대학교 _제2캠퍼스,2학기,"2,950",4.5,512,17.4,306,10.4,0,0,889,30.1,363,12.3,0,0,566,19.2,178,6,0,0,66,2.2,47,1.6,0,0,23,0.8
2014,건양사이버대학교 _본교,1학기,"1,590",4.5,421,26.5,188,11.8,0,0,474,29.8,175,11,0,0,272,17.1,8,0.5,0,0,2,0.1,1,0.1,0,0,49,3.1
2014,건양사이버대학교 _본교,2학기,"1,961",4.5,570,29.1,195,9.9,0,0,615,31.4,176,9,0,0,367,18.7,7,0.4,0,0,0,0,0,0,0,0,31,1.6
2014,경기대학교 _본교,1학기,"33,938",4.5,"4,891",14.4,"1,734",5.1,0,0,"9,339",27.5,"2,307",6.8,0,0,"9,852",29,"2,566",7.6,0,0,"1,270",3.7,481,1.4,0,0,"1,498",4.4
2014,경기대학교 _본교,2학기,"31,902",4.5,"4,161",13,"2,112",6.6,0,0,"8,702",27.3,"2,327",7.3,0,0,"8,779",27.5,"3,079",9.7,0,0,"1,158",3.6,615,1.9,0,0,969,3
2014,경기대학교 _제2캠퍼스,1학기,"6,464",4.5,924,14.3,327,5.1,0,0,"1,740",26.9,393,6.1,0,0,"1,922",29.7,442,6.8,0,0,202,3.1,93,1.4,0,0,421,6.5
2014,경기대학교 _제2캠퍼스,2학기,"5,955",4.5,809,13.6,351,5.9,0,0,"1,571",26.4,386,6.5,0,0,"1,598",26.8,604,10.1,0,0,196,3.3,137,2.3,0,0,303,5.1
2014,경남과학기술대학교 _본교,1학기,"7,155",4.5,"1,265",17.7,608,8.5,0,0,"1,914",26.8,703,9.8,0,0,"1,520",21.2,537,7.5,0,0,147,2.1,120,1.7,0,0,341,4.8
2014,경남과학기술대학교 _본교,2학기,"4,972",4.5,931,18.7,398,8,0,0,"1,373",27.6,459,9.2,0,0,"1,061",21.3,386,7.8,0,0,91,1.8,51,1,0,0,222,4.5
2014,경남대학교 _본교,1학기,"32,249",4.5,"6,208",19.3,"2,553",7.9,0,0,"8,482",26.3,"3,066",9.5,0,0,"5,830",18.1,"2,322",7.2,0,0,879,2.7,744,2.3,0,0,"2,165",6.7
2014,경남대학교 _본교,2학기,"29,535",4.5,"4,910",16.6,"1,968",6.7,0,0,"7,471",25.3,"2,406",8.1,0,0,"6,883",23.3,"2,505",8.5,0,0,801,2.7,671,2.3,0,0,"1,920",6.5
2014,경동대학교 _본교,1학기,"8,557",4.5,934,10.9,803,9.4,0,0,"1,686",19.7,"1,281",15,0,0,"1,549",18.1,"1,087",12.7,0,0,446,5.2,286,3.3,0,0,485,5.7
2014,경동대학교 _본교,2학기,"7,898",4.5,"1,374",17.4,699,8.9,0,0,"1,417",17.9,"1,044",13.2,0,0,"1,230",15.6,860,10.9,0,0,335,4.2,229,2.9,0,0,710,9
2014,경동대학교 _제2캠퍼스,1학기,783,4.5,68,8.7,72,9.2,0,0,132,16.9,125,16,0,0,167,21.3,111,14.2,0,0,44,5.6,21,2.7,0,0,43,5.5
2014,경동대학교 _제2캠퍼스,2학기,890,4.5,217,24.4,72,8.1,0,0,135,15.2,96,10.8,0,0,132,14.8,91,10.2,0,0,34,3.8,40,4.5,0,0,73,8.2
2014,경동대학교 _제3캠퍼스,1학기,"3,527",4.5,387,11,330,9.4,0,0,763,21.6,451,12.8,0,0,754,21.4,440,12.5,0,0,280,7.9,107,3,0,0,15,0.4
2014,경동대학교 _제3캠퍼스,2학기,"3,205",4.5,703,21.9,242,7.6,0,0,600,18.7,405,12.6,0,0,552,17.2,364,11.4,0,0,199,6.2,104,3.2,0,0,36,1.1
2014,경동대학교 _제4캠퍼스,1학기,"1,207",4.5,109,9,117,9.7,0,0,221,18.3,206,17.1,0,0,243,20.1,164,13.6,0,0,66,5.5,20,1.7,0,0,61,5.1
2014,경동대학교 _제4캠퍼스,2학기,"1,127",4.5,111,9.8,108,9.6,0,0,187,16.6,204,18.1,0,0,188,16.7,176,15.6,0,0,56,5,24,2.1,0,0,73,6.5
2014,경북대학교 _본교,1학기,"45,474",4.3,"7,965",17.5,"4,634",10.2,"2,499",5.5,"12,390",27.2,"4,290",9.4,"1,998",4.4,"6,531",14.4,"1,837",4,868,1.9,404,0.9,135,0.3,136,0.3,"1,787",3.9
2014,경북대학교 _본교,2학기,"42,093",4.3,"8,037",19.1,"3,941",9.4,"1,947",4.6,"11,866",28.2,"3,666",8.7,"1,718",4.1,"6,147",14.6,"1,853",4.4,"1,005",2.4,329,0.8,144,0.3,71,0.2,"1,369",3.3
2014,경상대학교 _본교,1학기,"35,624",4.5,"7,598",21.3,"4,440",12.5,0,0,"8,945",25.1,"3,387",9.5,0,0,"6,884",19.3,"2,498",7,0,0,494,1.4,292,0.8,0,0,"1,086",3
2014,경상대학교 _본교,2학기,"33,181",4.5,"7,061",21.3,"3,634",11,0,0,"8,777",26.5,"2,902",8.7,0,0,"6,789",20.5,"2,131",6.4,0,0,523,1.6,286,0.9,0,0,"1,078",3.2
2014,경성대학교 _본교,1학기,"36,329",4.5,"4,943",13.6,"2,354",6.5,0,0,"10,505",28.9,"4,669",12.9,0,0,"5,856",16.1,"2,627",7.2,0,0,"1,530",4.2,"1,101",3,0,0,"2,744",7.6
2014,경성대학교 _본교,2학기,"34,343",4.5,"4,953",14.4,"2,084",6.1,0,0,"10,453",30.4,"3,980",11.6,0,0,"6,089",17.7,"2,179",6.3,0,0,"1,667",4.9,"1,050",3.1,0,0,"1,888",5.5
2014,경운대학교 _본교,1학기,"9,113",4.5,"1,102",12.1,800,8.8,0,0,"2,100",23,"1,325",14.5,0,0,"2,268",24.9,866,9.5,0,0,237,2.6,184,2,0,0,231,2.5
2014,경운대학교 _본교,2학기,"8,261",4.5,"1,019",12.3,736,8.9,0,0,"2,003",24.2,"1,063",12.9,0,0,"2,045",24.8,820,9.9,0,0,171,2.1,164,2,0,0,240,2.9
2014,경운대학교(산업대) _본교(폐교),1학기,"1,773",4.5,328,18.5,194,10.9,0,0,438,24.7,195,11,0,0,387,21.8,121,6.8,0,0,36,2,29,1.6,0,0,45,2.5
2014,경운대학교(산업대) _본교(폐교),2학기,"2,079",4.5,320,15.4,205,9.9,0,0,577,27.8,240,11.5,0,0,460,22.1,149,7.2,0,0,38,1.8,41,2,0,0,49,2.4
2014,경인교육대학교 _본교,1학기,"5,100",4.5,513,10.1,680,13.3,0,0,"1,219",23.9,"1,235",24.2,0,0,997,19.5,211,4.1,0,0,70,1.4,41,0.8,0,0,134,2.6
2014,경인교육대학교 _본교,2학기,"4,976",4.5,502,10.1,636,12.8,0,0,"1,150",23.1,"1,222",24.6,0,0,"1,045",21,227,4.6,0,0,76,1.5,52,1,0,0,66,1.3
2014,경인교육대학교 _제2캠퍼스,1학기,465,4.5,48,10.3,65,14,0,0,98,21.1,116,24.9,0,0,124,26.7,5,1.1,0,0,4,0.9,3,0.6,0,0,2,0.4
2014,경인교육대학교 _제2캠퍼스,2학기,414,4.5,42,10.1,47,11.4,0,0,89,21.5,107,25.8,0,0,111,26.8,10,2.4,0,0,3,0.7,2,0.5,0,0,3,0.7
2014,경일대학교 _본교,1학기,"17,355",4.5,"2,072",11.9,"2,921",16.8,0,0,"4,196",24.2,"2,251",13,0,0,"2,430",14,"1,150",6.6,0,0,362,2.1,376,2.2,0,0,"1,597",9.2
2014,경일대학교 _본교,2학기,"14,861",4.5,"2,434",16.4,"1,537",10.3,0,0,"3,771",25.4,"1,770",11.9,0,0,"2,364",15.9,"1,103",7.4,0,0,317,2.1,314,2.1,0,0,"1,251",8.4
2014,경주대학교 _본교,1학기,"4,691",4.5,560,11.9,277,5.9,0,0,"1,334",28.4,494,10.5,0,0,899,19.2,476,10.1,0,0,120,2.6,113,2.4,0,0,418,8.9
2014,경주대학교 _본교,2학기,"4,173",4.5,479,11.5,213,5.1,0,0,"1,233",29.5,473,11.3,0,0,780,18.7,436,10.4,0,0,137,3.3,107,2.6,0,0,315,7.5
2014,경희대학교 _본교,1학기,"52,042",4.3,"10,920",21,"6,082",11.7,"3,836",7.4,"3,602",6.9,"14,603",28.1,"4,068",7.8,"2,368",4.6,"1,477",2.8,851,1.6,456,0.9,450,0.9,293,0.6,"3,036",5.8
2014,경희대학교 _본교,2학기,"46,917",4.3,"9,621",20.5,"5,600",11.9,"3,600",7.7,"3,542",7.5,"11,626",24.8,"3,810",8.1,"2,580",5.5,"1,553",3.3,997,2.1,541,1.2,538,1.1,382,0.8,"2,527",5.4
2014,경희사이버대학교 _본교,1학기,"10,910",4.3,"1,764",16.2,958,8.8,703,6.4,"2,258",20.7,885,8.1,376,3.4,"1,427",13.1,580,5.3,354,3.2,260,2.4,145,1.3,147,1.3,"1,053",9.7
2014,경희사이버대학교 _본교,2학기,"10,191",4.3,"1,628",16,875,8.6,661,6.5,"2,136",21,720,7.1,364,3.6,"1,474",14.5,543,5.3,272,2.7,356,3.5,268,2.6,93,0.9,801,7.9
2014,계명대학교 _본교,1학기,"38,858",4.5,"7,774",20,"3,985",10.3,0,0,"9,425",24.3,"3,445",8.9,0,0,"8,369",21.5,"2,883",7.4,0,0,882,2.3,474,1.2,0,0,"1,621",4.2
2014,계명대학교 _본교,2학기,"36,681",4.5,"7,782",21.2,"3,608",9.8,0,0,"9,215",25.1,"3,014",8.2,0,0,"7,965",21.7,"2,531",6.9,0,0,765,2.1,387,1.1,0,0,"1,414",3.9
2014,고려대학교 _본교,1학기,"51,270",4.5,"11,316",22.1,"7,468",14.6,0,0,"13,383",26.1,"5,246",10.2,0,0,"7,232",14.1,"2,472",4.8,0,0,"1,038",2,904,1.8,0,0,"2,211",4.3
2014,고려대학교 _본교,2학기,"44,593",4.5,"10,409",23.3,"6,529",14.6,0,0,"11,805",26.5,"4,091",9.2,0,0,"6,655",14.9,"2,087",4.7,0,0,760,1.7,651,1.5,0,0,"1,606",3.6
2014,고려대학교(세종) _분교,1학기,"22,947",4.5,"5,188",22.6,"2,717",11.8,0,0,"6,151",26.8,"2,434",10.6,0,0,"3,354",14.6,"1,209",5.3,0,0,408,1.8,339,1.5,0,0,"1,147",5
2014,고려대학교(세종) _분교,2학기,"20,596",4.5,"4,625",22.5,"2,400",11.7,0,0,"5,643",27.4,"2,113",10.3,0,0,"3,142",15.3,"1,096",5.3,0,0,389,1.9,344,1.7,0,0,844,4.1
2014,고려사이버대학교 _본교,1학기,"6,837",4.5,"1,180",17.3,741,10.8,0,0,"1,802",26.4,990,14.5,0,0,"1,045",15.3,512,7.5,0,0,108,1.6,56,0.8,0,0,403,5.9
2014,고려사이버대학교 _본교,2학기,"5,952",4.5,"1,043",17.5,665,11.2,0,0,"1,638",27.5,763,12.8,0,0,944,15.9,337,5.7,0,0,128,2.2,145,2.4,0,0,289,4.9
2014,고려사이버대학교 _본교,3학기,0,4.5,0,0,0,0,0,0,0,0,0,0,0,0,0,0,0,0,0,0,0,0,0,0,0,0,0,0
2014,고려사이버대학교 _본교,4학기,0,4.5,0,0,0,0,0,0,0,0,0,0,0,0,0,0,0,0,0,0,0,0,0,0,0,0,0,0
2014,고신대학교 _본교,1학기,"12,276",4.5,"1,762",14.4,"1,514",12.3,0,0,"2,895",23.6,"1,717",14,0,0,"1,876",15.3,862,7,0,0,386,3.1,384,3.1,0,0,880,7.2
2014,고신대학교 _본교,2학기,"10,670",4.5,"1,747",16.4,"1,162",10.9,0,0,"2,705",25.4,"1,321",12.4,0,0,"1,868",17.5,779,7.3,0,0,254,2.4,241,2.3,0,0,593,5.6
2014,공주교육대학교 _본교,1학기,"3,649",4.5,522,14.3,445,12.2,0,0,985,27,454,12.4,0,0,868,23.8,218,6,0,0,81,2.2,36,1,0,0,40,1.1
2014,공주교육대학교 _본교,2학기,"3,667",4.5,609,16.6,381,10.4,0,0,"1,078",29.4,393,10.7,0,0,897,24.5,222,6.1,0,0,43,1.2,22,0.6,0,0,22,0.6
2014,공주대학교 _본교,1학기,"18,986",4.5,"3,793",20,"1,716",9,0,0,"5,753",30.3,"1,539",8.1,0,0,"3,989",21,857,4.5,0,0,257,1.4,227,1.2,0,0,855,4.5
2014,공주대학교 _본교,2학기,"16,515",4.5,"3,655",22.1,"1,462",8.9,0,0,"4,952",30,"1,175",7.1,0,0,"3,567",21.6,638,3.9,0,0,192,1.2,187,1.1,0,0,687,4.2
2014,광신대학교 _본교,1학기,"1,336",4.5,137,10.3,226,16.9,0,0,392,29.3,226,16.9,0,0,109,8.2,64,4.8,0,0,36,2.7,55,4.1,0,0,91,6.8
2014,광신대학교 _본교,2학기,"1,207",4.5,132,10.9,193,16,0,0,308,25.5,175,14.5,0,0,158,13.1,94,7.8,0,0,32,2.7,35,2.9,0,0,80,6.6
2014,광운대학교 _본교,1학기,"22,036",4.5,"4,961",22.5,"2,686",12.2,0,0,"5,477",24.9,"2,290",10.4,0,0,"3,160",14.3,"1,076",4.9,0,0,570,2.6,384,1.7,0,0,"1,432",6.5
2014,광운대학교 _본교,2학기,"21,760",4.5,"5,183",23.8,"2,838",13,0,0,"5,370",24.7,"2,281",10.5,0,0,"3,179",14.6,"1,137",5.2,0,0,462,2.1,319,1.5,0,0,991,4.6
2014,광주가톨릭대학교 _본교,1학기,231,4.5,54,23.4,45,19.5,0,0,48,20.8,32,13.9,0,0,31,13.4,14,6.1,0,0,6,2.6,1,0.4,0,0,0,0
2014,광주가톨릭대학교 _본교,2학기,211,4.5,50,23.7,49,23.2,0,0,48,22.7,26,12.3,0,0,18,8.5,8,3.8,0,0,4,1.9,8,3.8,0,0,0,0
2014,광주과학기술원 _본교,1학기,"2,145",4.5,364,17,337,15.7,0,0,518,24.1,360,16.8,0,0,300,14,168,7.8,0,0,22,1,37,1.7,0,0,39,1.8
2014,광주과학기술원 _본교,2학기,"2,097",4.5,312,14.9,359,17.1,0,0,459,21.9,391,18.6,0,0,261,12.4,171,8.2,0,0,54,2.6,35,1.7,0,0,55,2.6
2014,광주교육대학교 _본교,1학기,"3,235",4.5,422,13,300,9.3,181,5.6,924,28.6,413,12.8,285,8.8,478,14.8,114,3.5,44,1.4,24,0.7,10,0.3,8,0.2,32,1
2014,광주교육대학교 _본교,2학기,"3,174",4.5,452,14.2,295,9.3,139,4.4,947,29.8,409,12.9,247,7.8,456,14.4,124,3.9,48,1.5,13,0.4,13,0.4,12,0.4,19,0.6
2014,광주대학교 _본교,1학기,"12,141",4.5,"1,792",14.8,"1,132",9.3,0,0,"2,780",22.9,"1,148",9.5,0,0,"2,691",22.2,970,8,0,0,417,3.4,401,3.3,0,0,810,6.7
2014,광주대학교 _본교,2학기,"11,170",4.5,"1,756",15.7,947,8.5,0,0,"2,631",23.6,945,8.5,0,0,"2,522",22.6,940,8.4,0,0,376,3.4,421,3.8,0,0,632,5.7
2014,광주여자대학교 _본교,1학기,"8,323",4.5,930,11.2,434,5.2,244,2.9,"2,176",26.1,868,10.4,684,8.2,"1,479",17.8,462,5.6,404,4.9,183,2.2,85,1,128,1.5,246,3
2014,광주여자대학교 _본교,2학기,238,4.5,34,14.3,18,7.6,2,0.8,71,29.8,28,11.8,17,7.1,37,15.5,11,4.6,10,4.2,0,0,1,0.4,4,1.7,5,2.1
2014,광주여자대학교 _본교,3학기,"8,786",4.5,981,11.2,433,4.9,247,2.8,"2,428",27.6,828,9.4,667,7.6,"1,838",20.9,490,5.6,378,4.3,132,1.5,68,0.8,122,1.4,174,2
2014,광주여자대학교 _본교,4학기,220,4.5,28,12.7,15,6.8,6,2.7,68,30.9,16,7.3,18,8.2,39,17.7,5,2.3,4,1.8,9,4.1,3,1.4,2,0.9,7,3.2
2014,국민대학교 _본교,1학기,"33,623",4.5,"6,462",19.2,"3,500",10.4,0,0,"9,562",28.4,"3,632",10.8,0,0,"6,035",17.9,"1,854",5.5,0,0,511,1.5,459,1.4,0,0,"1,608",4.8
2014,국민대학교 _본교,2학기,"32,825",4.5,"6,481",19.7,"3,143",9.6,0,0,"9,354",28.5,"3,395",10.3,0,0,"6,106",18.6,"1,751",5.3,0,0,640,1.9,610,1.9,0,0,"1,345",4.1
2014,국제사이버대학교 _본교,1학기,"1,093",4.5,200,18.3,118,10.8,0,0,302,27.6,124,11.3,0,0,215,19.7,26,2.4,0,0,5,0.5,18,1.6,0,0,85,7.8
2014,국제사이버대학교 _본교,2학기,"1,107",4.5,203,18.3,119,10.7,0,0,302,27.3,128,11.6,0,0,229,20.7,21,1.9,0,0,0,0,17,1.5,0,0,88,7.9
2014,군산대학교 _본교,1학기,"17,421",4.5,"4,060",23.3,"2,973",17.1,0,0,"3,996",22.9,"2,263",13,0,0,"1,918",11,937,5.4,0,0,360,2.1,385,2.2,0,0,529,3
2014,군산대학교 _본교,2학기,"15,037",4.5,"2,407",16,"1,897",12.6,0,0,"3,535",23.5,"1,995",13.3,0,0,"2,452",16.3,"1,185",7.9,0,0,566,3.8,398,2.6,0,0,602,4
2014,극동대학교 _본교,1학기,"7,636",4.5,891,11.7,726,9.5,0,0,"1,592",20.8,608,8,0,0,"2,223",29.1,680,8.9,0,0,301,3.9,203,2.7,0,0,412,5.4
2014,극동대학교 _본교,2학기,"6,912",4.5,828,12,662,9.6,0,0,"1,389",20.1,584,8.4,0,0,"1,749",25.3,654,9.5,0,0,223,3.2,230,3.3,0,0,593,8.6
2014,글로벌사이버대학교 _본교,1학기,"4,281",4.5,863,20.2,437,10.2,0,0,"1,074",25.1,640,14.9,0,0,575,13.4,173,4,0,0,84,2,25,0.6,0,0,410,9.6
2014,글로벌사이버대학교 _본교,2학기,"3,868",4.5,749,19.4,393,10.2,0,0,969,25.1,574,14.8,0,0,574,14.8,178,4.6,0,0,155,4,45,1.2,0,0,231,6
2014,금강대학교 _본교,1학기,"1,175",4.3,141,12,132,11.2,120,10.2,174,14.8,79,6.7,221,18.8,152,12.9,52,4.4,39,3.3,12,1,11,0.9,12,1,30,2.6
2014,금강대학교 _본교,2학기,890,4.3,129,14.5,101,11.3,106,11.9,139,15.6,57,6.4,162,18.2,134,15.1,37,4.2,20,2.2,2,0.2,0,0,1,0.1,2,0.2
2014,금오공과대학교 _본교,1학기,"13,027",4.5,"2,547",19.6,"1,435",11,0,0,"4,031",30.9,"1,525",11.7,0,0,"2,030",15.6,713,5.5,0,0,232,1.8,150,1.2,0,0,364,2.8
2014,금오공과대학교 _본교,2학기,"12,587",4.5,"2,692",21.4,"1,317",10.5,0,0,"3,865",30.7,"1,396",11.1,0,0,"1,976",15.7,690,5.5,0,0,159,1.3,133,1.1,0,0,359,2.9
2014,김천대학교 _본교,1학기,"7,125",4.5,"1,561",21.9,"1,182",16.6,0,0,"1,509",21.2,824,11.6,0,0,"1,045",14.7,492,6.9,0,0,154,2.2,142,2,0,0,216,3
2014,김천대학교 _본교,2학기,"6,988",4.5,"1,617",23.1,"1,118",16,0,0,"1,467",21,708,10.1,0,0,"1,019",14.6,493,7.1,0,0,163,2.3,200,2.9,0,0,203,2.9
2014,꽃동네대학교 _본교,1학기,973,4.5,156,16,118,12.1,0,0,310,31.9,102,10.5,0,0,202,20.8,56,5.8,0,0,13,1.3,10,1,0,0,6,0.6
2014,꽃동네대학교 _본교,2학기,938,4.5,156,16.6,110,11.7,0,0,307,32.7,84,9,0,0,187,19.9,55,5.9,0,0,15,1.6,11,1.2,0,0,13,1.4
2014,나사렛대학교 _본교,1학기,"13,201",4.5,"2,322",17.6,"1,495",11.3,0,0,"3,146",23.8,"1,260",9.5,0,0,"2,489",18.9,"1,010",7.7,0,0,297,2.2,241,1.8,0,0,941,7.1
2014,나사렛대학교 _본교,2학기,"11,419",4.5,"1,793",15.7,"1,203",10.5,0,0,"2,759",24.2,"1,015",8.9,0,0,"2,454",21.5,941,8.2,0,0,325,2.8,282,2.5,0,0,647,5.7
2014,남부대학교 _본교,1학기,"6,178",4.5,963,15.6,769,12.4,0,0,"1,287",20.8,736,11.9,0,0,"1,069",17.3,583,9.4,0,0,229,3.7,193,3.1,0,0,349,5.6
2014,남부대학교 _본교,2학기,"5,468",4.5,894,16.3,749,13.7,0,0,"1,120",20.5,649,11.9,0,0,777,14.2,521,9.5,0,0,197,3.6,328,6,0,0,233,4.3
2014,남서울대학교 _본교,1학기,"19,172",4.5,"2,632",13.7,"1,520",7.9,0,0,"4,689",24.5,"1,816",9.5,0,0,"4,970",25.9,"1,593",8.3,0,0,489,2.6,371,1.9,0,0,"1,092",5.7
2014,남서울대학교 _본교,2학기,"18,632",4.5,"2,963",15.9,"1,430",7.7,0,0,"4,866",26.1,"1,452",7.8,0,0,"4,807",25.8,"1,457",7.8,0,0,365,2,296,1.6,0,0,996,5.3
2014,남서울대학교(산업대) _본교(폐교),1학기,"9,037",4.5,"1,905",21.1,889,9.8,0,0,"2,355",26.1,715,7.9,0,0,"2,031",22.5,633,7,0,0,138,1.5,94,1,0,0,277,3.1
2014,남서울대학교(산업대) _본교(폐교),2학기,"9,871",4.5,"1,831",18.5,769,7.8,0,0,"2,591",26.2,695,7,0,0,"2,541",25.7,784,7.9,0,0,207,2.1,147,1.5,0,0,306,3.1
2014,단국대학교 _본교,1학기,"32,307",4.5,"5,422",16.8,"2,643",8.2,0,0,"8,663",26.8,"2,609",8.1,0,0,"7,563",23.4,"2,149",6.7,0,0,845,2.6,773,2.4,0,0,"1,640",5.1
2014,단국대학교 _본교,2학기,"28,961",4.5,"5,112",17.7,"2,281",7.9,0,0,"7,905",27.3,"2,246",7.8,0,0,"7,169",24.8,"1,960",6.8,0,0,726,2.5,626,2.2,0,0,936,3.2
2014,단국대학교 _제2캠퍼스,1학기,"37,769",4.5,"5,653",15,"3,475",9.2,0,0,"9,290",24.6,"3,756",9.9,0,0,"9,159",24.3,"3,185",8.4,0,0,"1,138",3,825,2.2,0,0,"1,288",3.4
2014,단국대학교 _제2캠퍼스,2학기,"33,614",4.5,"5,363",16,"2,921",8.7,0,0,"8,543",25.4,"3,083",9.2,0,0,"8,687",25.8,"2,535",7.5,0,0,847,2.5,796,2.4,0,0,839,2.5
2014,대구가톨릭대학교 _본교,1학기,"33,733",4.5,"3,506",10.4,"3,536",10.5,0,0,"8,647",25.6,"3,871",11.5,0,0,"8,305",24.6,"3,208",9.5,0,0,688,2,595,1.8,0,0,"1,377",4.1
2014,대구가톨릭대학교 _본교,2학기,"30,862",4.5,"3,654",11.8,"3,065",9.9,0,0,"8,340",27,"3,178",10.3,0,0,"7,935",25.7,"2,619",8.5,0,0,529,1.7,438,1.4,0,0,"1,104",3.6
2014,대구교육대학교 _본교,1학기,"4,055",4.5,654,16.1,396,9.8,0,0,"1,260",31.1,381,9.4,0,0,"1,022",25.2,190,4.7,0,0,58,1.4,59,1.5,0,0,35,0.9
2014,대구교육대학교 _본교,2학기,"3,991",4.5,597,15,473,11.9,0,0,"1,286",32.2,337,8.4,0,0,"1,020",25.6,167,4.2,0,0,47,1.2,27,0.7,0,0,37,0.9
2014,대구대학교 _본교,1학기,"40,503",4.5,"4,948",12.2,"3,296",8.1,0,0,"10,466",25.8,"4,808",11.9,0,0,"10,092",24.9,"3,483",8.6,0,0,"1,180",2.9,602,1.5,0,0,"1,628",4
2014,대구대학교 _본교,2학기,"35,972",4.5,"4,554",12.7,"2,997",8.3,0,0,"9,409",26.2,"4,130",11.5,0,0,"9,462",26.3,"2,780",7.7,0,0,847,2.4,439,1.2,0,0,"1,354",3.8
2014,대구사이버대학교 _본교,1학기,"2,066",4.5,360,17.4,234,11.3,0,0,461,22.3,248,12,0,0,324,15.7,207,10,0,0,37,1.8,48,2.3,0,0,147,7.1
2014,대구사이버대학교 _본교,2학기,"2,182",4.5,392,18,290,13.3,0,0,490,22.5,263,12.1,0,0,373,17.1,139,6.4,0,0,54,2.5,37,1.7,0,0,144,6.6
2014,대구예술대학교 _본교,1학기,"2,499",4.5,605,24.2,259,10.4,0,0,422,16.9,242,9.7,0,0,284,11.4,205,8.2,0,0,53,2.1,58,2.3,0,0,371,14.8
2014,대구예술대학교 _본교,2학기,"2,323",4.5,691,29.7,224,9.6,0,0,402,17.3,237,10.2,0,0,280,12.1,174,7.5,0,0,77,3.3,36,1.5,0,0,202,8.7
2014,대구외국어대학교 _본교,1학기,393,4.5,61,15.5,17,4.3,0,0,118,30,20,5.1,0,0,109,27.7,17,4.3,0,0,4,1,13,3.3,0,0,34,8.7
2014,대구외국어대학교 _본교,2학기,328,4.5,43,13.1,23,7,0,0,81,24.7,27,8.2,0,0,65,19.8,33,10.1,0,0,12,3.7,2,0.6,0,0,42,12.8
2014,대구한의대학교 _본교,1학기,"17,303",4.5,"1,852",10.7,"1,324",7.7,0,0,"3,889",22.5,"2,352",13.6,0,0,"3,429",19.8,"1,710",9.9,0,0,526,3,767,4.4,0,0,"1,454",8.4
2014,대구한의대학교 _본교,2학기,"13,387",4.5,"1,436",10.7,"1,001",7.5,0,0,"3,200",23.9,"1,847",13.8,0,0,"2,650",19.8,"1,390",10.4,0,0,438,3.3,392,2.9,0,0,"1,033",7.7
2014,대신대학교 _본교,1학기,525,4.5,77,14.7,101,19.2,0,0,94,17.9,83,15.8,0,0,39,7.4,31,5.9,0,0,11,2.1,39,7.4,0,0,50,9.5
2014,대신대학교 _본교,2학기,501,4.5,83,16.6,81,16.2,0,0,127,25.3,90,18,0,0,55,11,21,4.2,0,0,8,1.6,5,1,0,0,31,6.2
2014,대전가톨릭대학교 _본교,1학기,288,4.5,48,16.7,90,31.3,0,0,83,28.8,36,12.5,0,0,18,6.3,12,4.2,0,0,0,0,1,0.3,0,0,0,0
2014,대전가톨릭대학교 _본교,2학기,298,4.5,98,32.9,63,21.1,0,0,49,16.4,36,12.1,0,0,20,6.7,17,5.7,0,0,6,2,8,2.7,0,0,1,0.3
2014,대전대학교 _본교,1학기,"24,622",4.5,"4,517",18.3,"2,289",9.3,0,0,"6,576",26.7,"2,721",11.1,0,0,"4,661",18.9,"1,633",6.6,0,0,522,2.1,387,1.6,0,0,"1,316",5.3
2014,대전대학교 _본교,2학기,"22,996",4.5,"4,502",19.6,"1,936",8.4,0,0,"6,428",28,"2,188",9.5,0,0,"4,670",20.3,"1,415",6.2,0,0,449,2,360,1.6,0,0,"1,048",4.6
2014,대전신학교 _본교(폐교),1학기,23,4.5,1,4.3,1,4.3,1,4.3,3,13,2,8.7,4,17.4,4,17.4,2,8.7,2,8.7,1,4.3,0,0,1,4.3,1,4.3
2014,대전신학교 _본교(폐교),2학기,18,4.5,1,5.6,1,5.6,0,0,1,5.6,3,16.7,3,16.7,1,5.6,1,5.6,5,27.8,0,0,1,5.6,1,5.6,0,0
2014,대전신학대학교 _본교,1학기,478,4.5,89,18.6,53,11.1,39,8.2,87,18.2,59,12.3,43,9,29,6.1,14,2.9,36,7.5,7,1.5,8,1.7,5,1,9,1.9
2014,대전신학대학교 _본교,2학기,400,4.5,86,21.5,29,7.3,22,5.5,108,27,47,11.8,29,7.3,20,5,9,2.3,42,10.5,0,0,1,0.3,3,0.8,4,1
2014,대진대학교 _본교,1학기,"21,108",4.5,"3,645",17.3,"2,137",10.1,0,0,"5,045",23.9,"2,139",10.1,0,0,"4,541",21.5,"1,380",6.5,0,0,527,2.5,364,1.7,0,0,"1,330",6.3
2014,대진대학교 _본교,2학기,"18,016",4.5,"3,229",17.9,"1,775",9.9,0,0,"4,356",24.2,"1,852",10.3,0,0,"3,747",20.8,"1,373",7.6,0,0,423,2.3,248,1.4,0,0,"1,013",5.6
2014,덕성여자대학교 _본교,1학기,"12,445",4.5,"2,932",23.6,"1,165",9.4,0,0,"3,995",32.1,"1,022",8.2,0,0,"2,223",17.9,445,3.6,0,0,137,1.1,97,0.8,0,0,429,3.4
2014,덕성여자대학교 _본교,2학기,"12,017",4.5,"1,972",16.4,563,4.7,0,0,"4,645",38.7,"1,017",8.5,0,0,"2,795",23.3,516,4.3,0,0,166,1.4,66,0.5,0,0,277,2.3
2014,동국대학교 _본교,1학기,"33,922",4.5,"7,090",20.9,"3,498",10.3,0,0,"10,495",30.9,"4,180",12.3,0,0,"5,270",15.5,"1,263",3.7,0,0,516,1.5,290,0.9,0,0,"1,320",3.9
2014,동국대학교 _본교,2학기,"31,825",4.5,"6,286",19.8,"3,472",10.9,0,0,"9,439",29.7,"3,835",12.1,0,0,"5,543",17.4,"1,389",4.4,0,0,589,1.9,267,0.8,0,0,"1,005",3.2
2014,동국대학교(경주) _분교,1학기,"19,883",4.5,"3,532",17.8,"2,137",10.7,0,0,"4,905",24.7,"2,531",12.7,0,0,"3,638",18.3,"1,178",5.9,0,0,422,2.1,228,1.1,0,0,"1,312",6.6
2014,동국대학교(경주) _분교,2학기,"19,145",4.5,"3,265",17.1,"1,685",8.8,0,0,"5,364",28,"2,446",12.8,0,0,"3,571",18.7,"1,200",6.3,0,0,326,1.7,266,1.4,0,0,"1,022",5.3
2014,동덕여자대학교 _본교,1학기,"14,779",4.5,"2,711",18.3,"1,576",10.7,0,0,"3,975",26.9,"1,593",10.8,0,0,"2,673",18.1,930,6.3,0,0,362,2.4,312,2.1,0,0,647,4.4
2014,동덕여자대학교 _본교,2학기,"13,624",4.5,"2,449",18,"1,371",10.1,0,0,"3,756",27.6,"1,473",10.8,0,0,"2,483",18.2,913,6.7,0,0,295,2.2,315,2.3,0,0,569,4.2
2014,동명대학교 _본교,1학기,"20,843",4.5,"3,665",17.6,"2,188",10.5,0,0,"5,059",24.3,"2,189",10.5,0,0,"3,389",16.3,"1,366",6.6,0,0,476,2.3,487,2.3,0,0,"2,024",9.7
2014,동명대학교 _본교,2학기,"18,457",4.5,"3,754",20.3,"1,702",9.2,0,0,"4,627",25.1,"1,707",9.2,0,0,"3,139",17,"1,170",6.3,0,0,423,2.3,387,2.1,0,0,"1,548",8.4
2014,동서대학교 _본교,1학기,"38,977",4.5,"7,291",18.7,"4,850",12.4,0,0,"8,844",22.7,"4,315",11.1,0,0,"6,351",16.3,"2,976",7.6,0,0,"1,217",3.1,841,2.2,0,0,"2,292",5.9
2014,동서대학교 _본교,2학기,"35,836",4.5,"6,798",19,"4,391",12.3,0,0,"7,967",22.2,"3,950",11,0,0,"6,043",16.9,"2,718",7.6,0,0,"1,260",3.5,773,2.2,0,0,"1,936",5.4
2014,동신대학교 _본교,1학기,"17,426",4.5,"3,017",17.3,"1,471",8.4,0,0,"4,274",24.5,"1,848",10.6,0,0,"4,520",25.9,"1,207",6.9,0,0,355,2,251,1.4,0,0,483,2.8
2014,동신대학교 _본교,2학기,"15,513",4.5,"2,756",17.8,"1,368",8.8,0,0,"3,842",24.8,"1,577",10.2,0,0,"3,649",23.5,"1,182",7.6,0,0,385,2.5,304,2,0,0,450,2.9
2014,동아대학교 _본교,1학기,"32,565",4.5,"6,238",19.2,"3,206",9.8,0,0,"7,256",22.3,"2,744",8.4,0,0,"7,723",23.7,"2,399",7.4,0,0,871,2.7,683,2.1,0,0,"1,445",4.4
2014,동아대학교 _본교,2학기,"27,530",4.5,"5,673",20.6,"2,414",8.8,0,0,"6,385",23.2,"1,947",7.1,0,0,"6,615",24,"2,027",7.4,0,0,697,2.5,518,1.9,0,0,"1,254",4.6
2014,동양대학교 _본교,1학기,"6,262",4.5,"1,168",18.7,629,10,0,0,"1,297",20.7,519,8.3,0,0,"1,024",16.4,374,6,0,0,584,9.3,226,3.6,0,0,441,7
2014,동양대학교 _본교,2학기,"6,517",4.5,"1,190",18.3,659,10.1,0,0,"1,325",20.3,616,9.5,0,0,"1,117",17.1,410,6.3,0,0,629,9.7,206,3.2,0,0,365,5.6
2014,동의대학교 _본교,1학기,"23,845",4.5,"3,607",15.1,"2,623",11,0,0,"5,002",21,"2,481",10.4,0,0,"5,514",23.1,"2,197",9.2,0,0,709,3,556,2.3,0,0,"1,156",4.8
2014,동의대학교 _본교,2학기,"23,512",4.5,"3,837",16.3,"2,431",10.3,0,0,"5,129",21.8,"2,157",9.2,0,0,"5,551",23.6,"2,121",9,0,0,655,2.8,522,2.2,0,0,"1,109",4.7
2014,디지털서울문화예술대학교 _본교,1학기,"4,124",4.5,847,20.5,384,9.3,0,0,"1,261",30.6,388,9.4,0,0,637,15.4,121,2.9,0,0,35,0.8,6,0.1,0,0,445,10.8
2014,디지털서울문화예술대학교 _본교,2학기,"3,863",4.5,753,19.5,386,10,0,0,"1,144",29.6,400,10.4,0,0,708,18.3,92,2.4,0,0,9,0.2,0,0,0,0,371,9.6
2014,루터대학교 _본교,1학기,"1,358",4.3,106,7.8,121,8.9,89,6.6,286,21.1,113,8.3,78,5.7,201,14.8,75,5.5,77,5.7,21,1.5,21,1.5,43,3.2,127,9.4
2014,루터대학교 _본교,2학기,"1,223",4.3,102,8.3,134,11,62,5.1,157,12.8,180,14.7,66,5.4,146,11.9,105,8.6,48,3.9,35,2.9,33,2.7,65,5.3,90,7.4
2014,명지대학교 _본교,1학기,"22,191",4.5,"2,960",13.3,"3,358",15.1,0,0,"5,761",26,"2,699",12.2,0,0,"3,587",16.2,"1,902",8.6,0,0,442,2,313,1.4,0,0,"1,169",5.3
2014,명지대학교 _본교,2학기,"19,888",4.5,"2,784",14,"2,968",14.9,0,0,"5,295",26.6,"2,313",11.6,0,0,"3,366",16.9,"1,710",8.6,0,0,362,1.8,249,1.3,0,0,841,4.2
2014,명지대학교 _제2캠퍼스,1학기,"19,750",4.5,"2,673",13.5,"2,935",14.9,0,0,"5,437",27.5,"2,183",11.1,0,0,"3,358",17,"1,488",7.5,0,0,406,2.1,330,1.7,0,0,940,4.8
2014,명지대학교 _제2캠퍼스,2학기,"16,811",4.5,"2,386",14.2,"2,559",15.2,0,0,"4,588",27.3,"1,914",11.4,0,0,"2,888",17.2,"1,316",7.8,0,0,293,1.7,267,1.6,0,0,600,3.6
2014,목원대학교 _본교,1학기,"23,835",4.5,"3,057",12.8,"1,224",5.1,0,0,"6,854",28.8,"2,594",10.9,0,0,"5,518",23.2,"1,907",8,0,0,603,2.5,604,2.5,0,0,"1,474",6.2
2014,목원대학교 _본교,2학기,"21,943",4.5,"2,961",13.5,"1,096",5,0,0,"6,542",29.8,"2,198",10,0,0,"5,175",23.6,"1,770",8.1,0,0,599,2.7,439,2,0,0,"1,163",5.3
2014,목포가톨릭대학교 _본교,1학기,"1,293",4.5,131,10.1,250,19.3,0,0,373,28.8,190,14.7,0,0,245,18.9,85,6.6,0,0,10,0.8,4,0.3,0,0,5,0.4
2014,목포가톨릭대학교 _본교,2학기,"1,159",4.5,149,12.9,170,14.7,0,0,239,20.6,119,10.3,0,0,356,30.7,100,8.6,0,0,11,0.9,11,0.9,0,0,4,0.3
2014,목포대학교 _본교,1학기,"9,986",4.5,"1,878",18.8,"1,417",14.2,0,0,"1,842",18.4,929,9.3,0,0,"2,152",21.6,855,8.6,0,0,237,2.4,178,1.8,0,0,498,5
2014,목포대학교 _본교,2학기,"8,924",4.5,"2,065",23.1,"1,065",11.9,0,0,"1,701",19.1,760,8.5,0,0,"1,950",21.9,716,8,0,0,168,1.9,146,1.6,0,0,353,4
2014,목포해양대학교 _본교,1학기,"4,402",4.5,606,13.8,569,12.9,0,0,862,19.6,748,17,0,0,434,9.9,417,9.5,0,0,282,6.4,214,4.9,0,0,270,6.1
2014,목포해양대학교 _본교,2학기,"3,288",4.5,497,15.1,352,10.7,0,0,578,17.6,540,16.4,0,0,449,13.7,410,12.5,0,0,165,5,124,3.8,0,0,173,5.3
2014,배재대학교 _본교,1학기,"24,775",4.5,"3,323",13.4,"1,557",6.3,0,0,"6,565",26.5,"2,971",12,0,0,"5,739",23.2,"1,751",7.1,0,0,675,2.7,451,1.8,0,0,"1,743",7
2014,배재대학교 _본교,2학기,"22,408",4.5,"3,044",13.6,"1,258",5.6,0,0,"6,089",27.2,"2,559",11.4,0,0,"5,125",22.9,"1,557",6.9,0,0,686,3.1,427,1.9,0,0,"1,663",7.4
2014,백석대학교 _본교,1학기,"41,138",4.5,"7,312",17.8,"3,688",9,0,0,"11,142",27.1,"4,247",10.3,0,0,"8,112",19.7,"2,581",6.3,0,0,738,1.8,673,1.6,0,0,"2,645",6.4
2014,백석대학교 _본교,2학기,"36,563",4.5,"6,803",18.6,"3,329",9.1,0,0,"10,294",28.2,"3,364",9.2,0,0,"7,319",20,"2,298",6.3,0,0,752,2.1,627,1.7,0,0,"1,777",4.9
2014,부경대학교 _본교,1학기,"38,764",4.5,"8,549",22.1,"4,374",11.3,0,0,"10,866",28,"3,787",9.8,0,0,"5,197",13.4,"1,550",4,0,0,"2,142",5.5,672,1.7,0,0,"1,627",4.2
2014,부경대학교 _본교,2학기,"35,021",4.5,"8,424",24.1,"3,539",10.1,0,0,"10,214",29.2,"3,158",9,0,0,"4,757",13.6,"1,237",3.5,0,0,"2,033",5.8,554,1.6,0,0,"1,105",3.2
2014,부산가톨릭대학교 _본교,1학기,"6,553",4.5,"1,149",17.5,507,7.7,0,0,"1,588",24.2,635,9.7,0,0,"1,144",17.5,581,8.9,0,0,322,4.9,214,3.3,0,0,413,6.3
2014,부산가톨릭대학교 _본교,2학기,"6,249",4.5,"1,065",17,534,8.5,0,0,"1,553",24.9,678,10.8,0,0,"1,080",17.3,582,9.3,0,0,248,4,233,3.7,0,0,276,4.4
2014,부산교육대학교 _본교,1학기,"3,094",4.5,541,17.5,336,10.9,0,0,"1,013",32.7,479,15.5,0,0,540,17.5,115,3.7,0,0,24,0.8,13,0.4,0,0,33,1.1
2014,부산교육대학교 _본교,2학기,"2,742",4.5,363,13.2,168,6.1,0,0,"1,087",39.6,481,17.5,0,0,484,17.7,106,3.9,0,0,15,0.5,14,0.5,0,0,24,0.9
2014,부산대학교 _본교,1학기,"31,188",4.5,"7,672",24.6,"3,548",11.4,0,0,"8,687",27.9,"2,953",9.5,0,0,"4,907",15.7,"1,239",4,0,0,354,1.1,351,1.1,0,0,"1,477",4.7
2014,부산대학교 _본교,2학기,"29,132",4.5,"7,873",27,"3,393",11.6,0,0,"8,024",27.5,"2,648",9.1,0,0,"4,185",14.4,"1,203",4.1,0,0,312,1.1,295,1,0,0,"1,199",4.1
2014,부산디지털대학교 _본교,1학기,"1,985",4.5,497,25,185,9.3,0,0,580,29.2,173,8.7,0,0,325,16.4,65,3.3,0,0,42,2.1,53,2.7,0,0,65,3.3
2014,부산디지털대학교 _본교,2학기,"2,154",4.5,612,28.4,100,4.6,0,0,672,31.2,109,5.1,0,0,467,21.7,54,2.5,0,0,31,1.4,23,1.1,0,0,86,4
2014,부산외국어대학교 _본교,1학기,"9,769",4.5,"1,545",15.8,720,7.4,0,0,"2,677",27.4,"1,194",12.2,0,0,"1,628",16.7,709,7.3,0,0,312,3.2,184,1.9,0,0,800,8.2
2014,부산외국어대학교 _본교,2학기,"8,710",4.5,"1,400",16.1,655,7.5,0,0,"2,421",27.8,"1,087",12.5,0,0,"1,501",17.2,550,6.3,0,0,260,3,140,1.6,0,0,696,8
2014,부산장신대학교 _본교,1학기,535,4.5,59,11,43,8,30,5.6,134,25,50,9.3,35,6.5,67,12.5,26,4.9,36,6.7,15,2.8,10,1.9,13,2.4,17,3.2
2014,부산장신대학교 _본교,2학기,436,4.5,64,14.7,39,8.9,16,3.7,148,33.9,46,10.6,17,3.9,57,13.1,14,3.2,9,2.1,4,0.9,5,1.1,8,1.8,9,2.1
2014,사이버한국외국어대학교 _본교,1학기,"2,981",4.5,705,23.6,265,8.9,0,0,783,26.3,228,7.6,0,0,540,18.1,131,4.4,0,0,75,2.5,16,0.5,0,0,238,8
2014,사이버한국외국어대학교 _본교,2학기,"2,991",4.5,806,26.9,180,6,0,0,866,29,152,5.1,0,0,543,18.2,115,3.8,0,0,92,3.1,25,0.8,0,0,212,7.1
2014,삼육대학교 _본교,1학기,"13,732",4.5,"2,894",21.1,"1,288",9.4,0,0,"4,486",32.7,"1,303",9.5,0,0,"2,209",16.1,511,3.7,0,0,135,1,178,1.3,0,0,728,5.3
2014,삼육대학교 _본교,2학기,"12,169",4.5,"2,628",21.6,"1,045",8.6,0,0,"4,151",34.1,"1,075",8.8,0,0,"2,090",17.2,464,3.8,0,0,136,1.1,135,1.1,0,0,445,3.7
2014,상명대학교 _본교,1학기,"18,001",4.5,"3,390",18.8,"1,707",9.5,0,0,"4,868",27,"1,667",9.3,0,0,"3,413",19,"1,021",5.7,0,0,451,2.5,365,2,0,0,"1,119",6.2
2014,상명대학교 _본교,2학기,"16,388",4.5,"3,214",19.6,"1,451",8.9,0,0,"4,589",28,"1,389",8.5,0,0,"3,295",20.1,881,5.4,0,0,406,2.5,241,1.5,0,0,922,5.6
2014,상명대학교(천안) _분교,1학기,"18,895",4.5,"3,412",18.1,"1,763",9.3,0,0,"5,326",28.2,"1,698",9,0,0,"3,832",20.3,"1,283",6.8,0,0,461,2.4,333,1.8,0,0,787,4.2
2014,상명대학교(천안) _분교,2학기,"18,657",4.5,"3,639",19.5,"1,836",9.8,0,0,"5,108",27.4,"1,983",10.6,0,0,"3,388",18.2,"1,198",6.4,0,0,551,3,325,1.7,0,0,629,3.4
2014,상지대학교 _본교,1학기,"18,508",4.5,"2,032",11,"1,384",7.5,0,0,"4,362",23.6,"2,628",14.2,0,0,"3,234",17.5,"1,764",9.5,0,0,648,3.5,730,3.9,0,0,"1,726",9.3
2014,상지대학교 _본교,2학기,"16,650",4.5,"1,821",10.9,"1,318",7.9,0,0,"4,042",24.3,"2,258",13.6,0,0,"3,302",19.8,"1,675",10.1,0,0,553,3.3,459,2.8,0,0,"1,222",7.3
2014,상지대학교 _본교,3학기,0,4.5,0,0,0,0,0,0,0,0,0,0,0,0,0,0,0,0,0,0,0,0,0,0,0,0,0,0
2014,상지대학교 _본교,4학기,0,4.5,0,0,0,0,0,0,0,0,0,0,0,0,0,0,0,0,0,0,0,0,0,0,0,0,0,0
2014,서강대학교 _본교,1학기,"21,965",4.3,"3,457",15.7,"2,369",10.8,"1,638",7.5,"4,849",22.1,"2,356",10.7,"1,203",5.5,"2,483",11.3,"1,727",7.9,697,3.2,345,1.6,209,1,125,0.6,507,2.3
2014,서강대학교 _본교,2학기,"18,865",4.3,"3,235",17.1,"2,002",10.6,"1,473",7.8,"4,339",23,"1,750",9.3,988,5.2,"2,560",13.6,"1,102",5.8,552,2.9,249,1.3,142,0.8,111,0.6,362,1.9
2014,서경대학교 _본교,1학기,"14,358",4.5,"2,754",19.2,"1,375",9.6,0,0,"4,031",28.1,"1,473",10.3,0,0,"2,632",18.3,738,5.1,0,0,233,1.6,212,1.5,0,0,910,6.3
2014,서경대학교 _본교,2학기,"12,804",4.5,"2,510",19.6,"1,200",9.4,0,0,"3,633",28.4,"1,175",9.2,0,0,"2,372",18.5,683,5.3,0,0,216,1.7,209,1.6,0,0,806,6.3
2014,서남대학교 _본교,1학기,"1,152",4.5,112,9.7,91,7.9,0,0,242,21,163,14.1,0,0,271,23.5,149,12.9,0,0,33,2.9,22,1.9,0,0,69,6
2014,서남대학교 _본교,2학기,904,4.5,98,10.8,66,7.3,0,0,228,25.2,89,9.8,0,0,201,22.2,142,15.7,0,0,18,2,22,2.4,0,0,40,4.4
2014,서남대학교 _제2캠퍼스,1학기,"1,341",4.5,99,7.4,99,7.4,0,0,277,20.7,161,12,0,0,287,21.4,146,10.9,0,0,42,3.1,33,2.5,0,0,197,14.7
2014,서남대학교 _제2캠퍼스,2학기,963,4.5,92,9.6,63,6.5,0,0,218,22.6,96,10,0,0,207,21.5,106,11,0,0,19,2,30,3.1,0,0,132,13.7
2014,서울과학기술대학교 _본교,1학기,"19,859",4.5,"2,016",10.2,"3,900",19.6,0,0,"4,066",20.5,"3,882",19.5,0,0,"3,560",17.9,925,4.7,0,0,347,1.7,172,0.9,0,0,991,5
2014,서울과학기술대학교 _본교,2학기,"17,154",4.5,"1,957",11.4,"3,706",21.6,0,0,"3,561",20.8,"3,228",18.8,0,0,"2,766",16.1,884,5.2,0,0,276,1.6,139,0.8,0,0,637,3.7
2014,서울과학기술대학교(산업대) _본교(폐교),1학기,"8,272",4.5,"1,168",14.1,"1,832",22.1,0,0,"1,657",20,"1,466",17.7,0,0,"1,365",16.5,293,3.5,0,0,112,1.4,97,1.2,0,0,282,3.4
2014,서울과학기술대학교(산업대) _본교(폐교),2학기,"6,975",4.5,848,12.2,"1,422",20.4,0,0,"1,374",19.7,"1,326",19,0,0,"1,130",16.2,341,4.9,0,0,132,1.9,120,1.7,0,0,282,4
2014,서울교육대학교 _본교,1학기,"3,997",4.5,819,20.5,383,9.6,0,0,"1,170",29.3,317,7.9,0,0,849,21.2,176,4.4,0,0,50,1.3,42,1.1,0,0,191,4.8
2014,서울교육대학교 _본교,2학기,"3,718",4.5,840,22.6,294,7.9,0,0,"1,116",30,284,7.6,0,0,862,23.2,150,4,0,0,51,1.4,46,1.2,0,0,75,2
2014,서울기독대학교 _본교,1학기,"1,648",4.5,221,13.4,221,13.4,0,0,268,16.3,242,14.7,0,0,193,11.7,181,11,0,0,85,5.2,78,4.7,0,0,159,9.6
2014,서울기독대학교 _본교,2학기,"1,519",4.5,250,16.5,204,13.4,0,0,369,24.3,175,11.5,0,0,232,15.3,116,7.6,0,0,38,2.5,65,4.3,0,0,70,4.6
2014,서울대학교 _본교,1학기,"34,289",4.3,"7,522",21.9,"5,205",15.2,"2,959",8.6,"6,734",19.6,"3,281",9.6,"1,628",4.7,"3,922",11.4,"1,220",3.6,643,1.9,326,1,202,0.6,132,0.4,515,1.5
2014,서울대학교 _본교,2학기,"31,078",4.3,"7,243",23.3,"4,678",15.1,"2,556",8.2,"6,379",20.5,"2,800",9,"1,237",4,"3,604",11.6,998,3.2,530,1.7,279,0.9,168,0.5,134,0.4,472,1.5
2014,서울디지털대학교 _본교,1학기,"9,527",4.5,"1,904",20,"1,280",13.4,0,0,"2,876",30.2,"1,339",14.1,0,0,"1,265",13.3,495,5.2,0,0,185,1.9,183,1.9,0,0,0,0
2014,서울디지털대학교 _본교,2학기,"9,613",4.5,"1,738",18.1,"1,374",14.3,0,0,"2,620",27.3,"1,654",17.2,0,0,"1,331",13.8,586,6.1,0,0,193,2,117,1.2,0,0,0,0
2014,서울사이버대학교 _본교,1학기,"10,149",4.5,"1,367",13.5,"1,476",14.5,0,0,"2,825",27.8,"1,208",11.9,0,0,"1,704",16.8,711,7,0,0,332,3.3,161,1.6,0,0,365,3.6
2014,서울사이버대학교 _본교,2학기,"10,845",4.5,"1,558",14.4,"1,629",15,0,0,"3,242",29.9,"1,001",9.2,0,0,"1,974",18.2,759,7,0,0,343,3.2,89,0.8,0,0,250,2.3
2014,서울시립대학교 _본교,1학기,"18,924",4.5,"2,848",15,"2,367",12.5,0,0,"3,933",20.8,"4,969",26.3,0,0,"2,335",12.3,862,4.6,0,0,330,1.7,242,1.3,0,0,"1,038",5.5
2014,서울시립대학교 _본교,2학기,"16,321",4.5,"2,636",16.2,"1,871",11.5,0,0,"3,342",20.5,"4,321",26.5,0,0,"1,817",11.1,771,4.7,0,0,298,1.8,201,1.2,0,0,"1,064",6.5
2014,서울신학대학교 _본교,1학기,"5,312",4.5,693,13,476,9,276,5.2,"1,288",24.2,535,10.1,266,5,967,18.2,287,5.4,185,3.5,0,0,147,2.8,0,0,192,3.6
2014,서울신학대학교 _본교,2학기,"4,249",4.5,559,13.2,306,7.2,103,2.4,"1,078",25.4,264,6.2,69,1.6,"1,211",28.5,247,5.8,174,4.1,0,0,149,3.5,0,0,89,2.1
2014,서울여자대학교 _본교,1학기,"21,767",4.5,"4,280",19.7,"2,737",12.6,0,0,"6,319",29,"1,732",8,0,0,"4,642",21.3,877,4,0,0,292,1.3,168,0.8,0,0,720,3.3
2014,서울여자대학교 _본교,2학기,"18,552",4.5,"3,522",19,"1,904",10.3,0,0,"5,482",29.5,"1,155",6.2,0,0,"4,714",25.4,893,4.8,0,0,292,1.6,163,0.9,0,0,427,2.3
2014,서울장신대학교 _본교,1학기,"1,069",4.5,170,15.9,136,12.7,0,0,238,22.3,148,13.8,0,0,216,20.2,82,7.7,0,0,21,2,17,1.6,0,0,41,3.8
2014,서울장신대학교 _본교,2학기,949,4.5,134,14.1,91,9.6,0,0,256,27,54,5.7,0,0,237,25,82,8.6,0,0,25,2.6,27,2.8,0,0,43,4.5
2014,서원대학교 _본교,1학기,"14,664",4.5,"2,679",18.3,"1,128",7.7,0,0,"3,266",22.3,"1,035",7.1,0,0,"3,839",26.2,"1,186",8.1,0,0,472,3.2,298,2,0,0,761,5.2
2014,서원대학교 _본교,2학기,"12,966",4.5,"2,390",18.4,"1,003",7.7,0,0,"2,832",21.8,900,6.9,0,0,"3,315",25.6,"1,122",8.7,0,0,392,3,270,2.1,0,0,742,5.7
2014,선문대학교 _본교,1학기,"32,890",4.5,"4,936",15,"2,951",9,0,0,"8,646",26.3,"3,693",11.2,0,0,"7,030",21.4,"2,668",8.1,0,0,805,2.4,561,1.7,0,0,"1,600",4.9
2014,선문대학교 _본교,2학기,"29,790",4.5,"4,585",15.4,"2,650",8.9,0,0,"8,026",26.9,"3,046",10.2,0,0,"6,364",21.4,"2,287",7.7,0,0,693,2.3,582,2,0,0,"1,557",5.2
2014,성결대학교 _본교,1학기,"13,930",4.5,"2,086",15,"1,067",7.7,0,0,"4,017",28.8,"1,318",9.5,0,0,"2,931",21,"1,027",7.4,0,0,322,2.3,240,1.7,0,0,922,6.6
2014,성결대학교 _본교,2학기,"12,929",4.5,"1,968",15.2,"1,095",8.5,0,0,"3,814",29.5,"1,181",9.1,0,0,"2,913",22.5,917,7.1,0,0,267,2.1,279,2.2,0,0,495,3.8
2014,성공회대학교 _본교,1학기,"3,915",4.5,606,15.5,374,9.6,0,0,"1,117",28.5,408,10.4,0,0,835,21.3,236,6,0,0,77,2,71,1.8,0,0,191,4.9
2014,성공회대학교 _본교,2학기,"3,524",4.5,531,15.1,321,9.1,0,0,"1,021",29,372,10.6,0,0,780,22.1,219,6.2,0,0,72,2,49,1.4,0,0,159,4.5
2014,성균관대학교 _본교,1학기,"47,430",4.5,"10,201",21.5,"5,984",12.6,0,0,"11,963",25.2,"5,331",11.2,0,0,"7,981",16.8,"2,637",5.6,0,0,777,1.6,577,1.2,0,0,"1,979",4.2
2014,성균관대학교 _본교,2학기,"44,865",4.5,"9,761",21.8,"5,374",12,0,0,"11,832",26.4,"4,631",10.3,0,0,"7,804",17.4,"2,330",5.2,0,0,813,1.8,684,1.5,0,0,"1,636",3.6
2014,성신여자대학교 _본교,1학기,"16,761",4.5,"3,020",18,"1,361",8.1,545,3.3,"4,830",28.8,"1,472",8.8,845,5,"2,511",15,596,3.6,365,2.2,205,1.2,107,0.6,114,0.7,790,4.7
2014,성신여자대학교 _본교,2학기,"15,682",4.5,"2,811",17.9,"1,312",8.4,533,3.4,"4,511",28.8,"1,339",8.5,794,5.1,"2,247",14.3,582,3.7,372,2.4,169,1.1,102,0.7,141,0.9,769,4.9
2014,세명대학교 _본교,1학기,"28,514",4.5,"4,518",15.8,"2,734",9.6,0,0,"7,033",24.7,"3,415",12,0,0,"5,600",19.6,"2,281",8,0,0,817,2.9,627,2.2,0,0,"1,489",5.2
2014,세명대학교 _본교,2학기,"26,092",4.5,"4,290",16.4,"2,486",9.5,0,0,"6,724",25.8,"2,936",11.3,0,0,"5,305",20.3,"1,990",7.6,0,0,711,2.7,518,2,0,0,"1,132",4.3
2014,세종대학교 _본교,1학기,"27,152",4.5,"4,155",15.3,"2,375",8.7,0,0,"8,085",29.8,"3,456",12.7,0,0,"4,879",18,"1,373",5.1,0,0,592,2.2,392,1.4,0,0,"1,845",6.8
2014,세종대학교 _본교,2학기,"27,275",4.5,"4,332",15.9,"2,491",9.1,0,0,"8,210",30.1,"3,397",12.5,0,0,"4,847",17.8,"1,432",5.3,0,0,568,2.1,414,1.5,0,0,"1,584",5.8
2014,세종사이버대학교 _본교,1학기,"8,942",4.5,"1,868",20.9,776,8.7,0,0,"2,702",30.2,789,8.8,0,0,"1,640",18.3,401,4.5,0,0,227,2.5,111,1.2,0,0,428,4.8
2014,세종사이버대학교 _본교,2학기,"9,874",4.5,"2,062",20.9,787,8,0,0,"2,753",27.9,"1,046",10.6,0,0,"1,733",17.6,499,5.1,0,0,259,2.6,145,1.5,0,0,590,6
2014,세한대학교 _본교,1학기,"6,588",4.5,884,13.4,667,10.1,0,0,"2,048",31.1,875,13.3,0,0,973,14.8,491,7.5,0,0,169,2.6,104,1.6,0,0,377,5.7
2014,세한대학교 _본교,2학기,"6,143",4.5,865,14.1,583,9.5,0,0,"1,680",27.3,895,14.6,0,0,"1,059",17.2,442,7.2,0,0,117,1.9,98,1.6,0,0,404,6.6
2014,세한대학교 _제2캠퍼스,1학기,442,4.5,58,13.1,19,4.3,0,0,115,26,75,17,0,0,73,16.5,42,9.5,0,0,8,1.8,18,4.1,0,0,34,7.7
2014,세한대학교 _제2캠퍼스,2학기,411,4.5,63,15.3,45,10.9,0,0,130,31.6,51,12.4,0,0,56,13.6,20,4.9,0,0,7,1.7,16,3.9,0,0,23,5.6
2014,송원대학교 _본교,1학기,"4,152",4.5,"1,036",25,559,13.5,0,0,824,19.8,466,11.2,0,0,482,11.6,352,8.5,0,0,86,2.1,162,3.9,0,0,185,4.5
2014,송원대학교 _본교,2학기,"2,935",4.5,836,28.5,435,14.8,0,0,545,18.6,342,11.7,0,0,278,9.5,212,7.2,0,0,46,1.6,97,3.3,0,0,144,4.9
2014,수원가톨릭대학교 _본교,1학기,376,4.5,136,36.2,95,25.3,0,0,80,21.3,43,11.4,0,0,6,1.6,4,1.1,0,0,8,2.1,2,0.5,0,0,2,0.5
2014,수원가톨릭대학교 _본교,2학기,401,4.5,98,24.4,135,33.7,0,0,109,27.2,31,7.7,0,0,14,3.5,5,1.2,0,0,5,1.2,4,1,0,0,0,0
2014,수원대학교 _본교,1학기,"24,004",4.5,"4,084",17,"2,983",12.4,0,0,"5,916",24.6,"2,936",12.2,0,0,"3,925",16.4,"1,821",7.6,0,0,515,2.1,584,2.4,0,0,"1,240",5.2
2014,수원대학교 _본교,2학기,"22,493",4.5,"3,508",15.6,"2,775",12.3,0,0,"5,785",25.7,"2,918",13,0,0,"3,837",17.1,"1,730",7.7,0,0,445,2,535,2.4,0,0,960,4.3
2014,숙명여자대학교 _본교,1학기,"25,528",4.3,"4,636",18.2,"2,220",8.7,"1,269",5,"7,565",29.6,"1,876",7.3,702,2.7,"4,157",16.3,955,3.7,446,1.7,339,1.3,178,0.7,141,0.6,"1,044",4.1
2014,숙명여자대학교 _본교,2학기,"21,129",4.3,"4,071",19.3,"1,666",7.9,"1,002",4.7,"6,459",30.6,"1,537",7.3,563,2.7,"3,612",17.1,825,3.9,428,2,288,1.4,112,0.5,63,0.3,503,2.4
2014,순복음총회신학교 _본교,1학기,376,4.5,95,25.3,52,13.8,0,0,62,16.5,43,11.4,0,0,38,10.1,20,5.3,0,0,15,4,14,3.7,0,0,37,9.8
2014,순복음총회신학교 _본교,2학기,288,4.5,33,11.5,24,8.3,0,0,52,18.1,40,13.9,0,0,49,17,34,11.8,0,0,7,2.4,14,4.9,0,0,35,12.2
2014,순천대학교 _본교,1학기,"13,940",4.5,"2,359",16.9,"1,619",11.6,0,0,"3,439",24.7,"1,734",12.4,0,0,"2,339",16.8,"1,068",7.7,0,0,377,2.7,340,2.4,0,0,665,4.8
2014,순천대학교 _본교,2학기,"11,735",4.5,"2,267",19.3,"1,385",11.8,0,0,"3,020",25.7,"1,342",11.4,0,0,"1,963",16.7,793,6.8,0,0,251,2.1,209,1.8,0,0,505,4.3
2014,순천향대학교 _본교,1학기,"31,227",4.5,"4,496",14.4,"2,456",7.9,0,0,"7,245",23.2,"2,476",7.9,0,0,"8,995",28.8,"2,939",9.4,0,0,798,2.6,542,1.7,0,0,"1,280",4.1
2014,순천향대학교 _본교,2학기,"27,524",4.5,"4,235",15.4,"2,116",7.7,0,0,"6,565",23.9,"2,023",7.3,0,0,"7,899",28.7,"2,430",8.8,0,0,690,2.5,561,2,0,0,"1,005",3.7
2014,숭실대학교 _본교,1학기,"23,566",4.5,"3,632",15.4,"1,754",7.4,"1,459",6.2,"6,023",25.6,"2,023",8.6,"1,280",5.4,"4,305",18.3,"1,028",4.4,815,3.5,172,0.7,105,0.4,169,0.7,801,3.4
2014,숭실대학교 _본교,2학기,"21,711",4.5,"3,341",15.4,"1,534",7.1,"1,497",6.9,"5,572",25.7,"1,970",9.1,"1,046",4.8,"4,025",18.5,"1,061",4.9,724,3.3,131,0.6,92,0.4,119,0.5,599,2.8
2014,숭실사이버대학교 _본교,1학기,"6,072",4.5,"1,070",17.6,739,12.2,0,0,"1,482",24.4,882,14.5,0,0,685,11.3,467,7.7,0,0,280,4.6,104,1.7,0,0,363,6
2014,숭실사이버대학교 _본교,2학기,"4,939",4.5,897,18.2,748,15.1,0,0,"1,147",23.2,562,11.4,0,0,754,15.3,421,8.5,0,0,159,3.2,48,1,0,0,203,4.1
2014,신경대학교 _본교,1학기,"1,684",4.5,237,14.1,188,11.2,0,0,350,20.8,193,11.5,0,0,289,17.2,181,10.7,0,0,41,2.4,20,1.2,0,0,185,11
2014,신경대학교 _본교,2학기,"1,369",4.5,206,15,150,11,0,0,313,22.9,154,11.2,0,0,255,18.6,147,10.7,0,0,29,2.1,13,0.9,0,0,102,7.5
2014,신라대학교 _본교,1학기,"22,513",4.5,"2,988",13.3,"2,486",11,0,0,"4,312",19.2,"2,452",10.9,0,0,"4,025",17.9,"2,085",9.3,0,0,933,4.1,882,3.9,0,0,"2,350",10.4
2014,신라대학교 _본교,2학기,"20,263",4.5,"2,694",13.3,"2,295",11.3,0,0,"4,019",19.8,"2,186",10.8,0,0,"3,948",19.5,"1,824",9,0,0,847,4.2,769,3.8,0,0,"1,681",8.3
2014,신한대학교 _본교,1학기,"1,490",4.5,226,15.2,177,11.9,0,0,412,27.7,171,11.5,0,0,294,19.7,78,5.2,0,0,22,1.5,32,2.1,0,0,78,5.2
2014,신한대학교 _본교,2학기,"1,485",4.5,231,15.6,199,13.4,0,0,411,27.7,193,13,0,0,228,15.4,93,6.3,0,0,24,1.6,16,1.1,0,0,90,6.1
2014,신한대학교 _제2캠퍼스,1학기,"4,811",4.5,689,14.3,675,14,0,0,"1,300",27,573,11.9,0,0,855,17.8,342,7.1,0,0,72,1.5,73,1.5,0,0,232,4.8
2014,신한대학교 _제2캠퍼스,2학기,"4,828",4.5,794,16.4,636,13.2,0,0,"1,346",27.9,522,10.8,0,0,902,18.7,277,5.7,0,0,111,2.3,61,1.3,0,0,179,3.7
2014,아세아연합신학대학교 _본교,1학기,"1,763",4.3,208,11.8,215,12.2,176,10,362,20.5,163,9.2,116,6.6,187,10.6,70,4,73,4.1,46,2.6,53,3,0,0,94,5.3
2014,아세아연합신학대학교 _본교,2학기,"1,733",4.3,197,11.4,216,12.5,182,10.5,327,18.9,152,8.8,167,9.6,179,10.3,89,5.1,70,4,11,0.6,43,2.5,0,0,100,5.8
2014,아주대학교 _본교,1학기,"29,110",4.5,"5,100",17.5,"3,898",13.4,0,0,"7,893",27.1,"3,805",13.1,0,0,"4,345",14.9,"1,706",5.9,0,0,689,2.4,398,1.4,0,0,"1,276",4.4
2014,아주대학교 _본교,2학기,"26,110",4.5,"4,664",17.9,"3,486",13.4,0,0,"7,079",27.1,"3,420",13.1,0,0,"4,007",15.3,"1,648",6.3,0,0,572,2.2,368,1.4,0,0,866,3.3
2014,안동대학교 _본교,1학기,"14,299",4.5,"3,015",21.1,"1,797",12.6,0,0,"3,605",25.2,"1,839",12.9,0,0,"1,929",13.5,825,5.8,0,0,255,1.8,201,1.4,0,0,833,5.8
2014,안동대학교 _본교,2학기,"12,827",4.5,"2,859",22.3,"1,659",12.9,0,0,"3,425",26.7,"1,405",11,0,0,"1,673",13,717,5.6,0,0,197,1.5,202,1.6,0,0,690,5.4
2014,안양대학교 _본교,1학기,"13,265",4.5,"2,381",17.9,"1,219",9.2,0,0,"3,498",26.4,"1,182",8.9,0,0,"3,024",22.8,842,6.3,0,0,250,1.9,178,1.3,0,0,691,5.2
2014,안양대학교 _본교,2학기,"12,796",4.5,"2,482",19.4,"1,015",7.9,0,0,"3,625",28.3,974,7.6,0,0,"2,950",23.1,749,5.9,0,0,258,2,158,1.2,0,0,585,4.6
2014,안양대학교 _제2캠퍼스,1학기,"1,711",4.5,302,17.7,150,8.8,0,0,461,26.9,141,8.2,0,0,376,22,88,5.1,0,0,28,1.6,30,1.8,0,0,135,7.9
2014,안양대학교 _제2캠퍼스,2학기,"1,610",4.5,310,19.3,123,7.6,0,0,482,29.9,111,6.9,0,0,372,23.1,93,5.8,0,0,9,0.6,32,2,0,0,78,4.8
2014,연세대학교 _본교,1학기,"40,032",4.3,"9,227",23,"4,771",11.9,"1,645",4.1,"9,768",24.4,"3,120",7.8,"1,147",2.9,"5,912",14.8,"1,590",4,752,1.9,505,1.3,375,0.9,244,0.6,976,2.4
2014,연세대학교 _본교,2학기,"37,251",4.3,"8,764",23.5,"4,525",12.1,"1,355",3.6,"9,222",24.8,"2,814",7.6,"1,016",2.7,"5,241",14.1,"1,626",4.4,810,2.2,489,1.3,269,0.7,302,0.8,818,2.2
2014,연세대학교(원주) _분교,1학기,"26,116",4.3,"8,606",33,"3,099",11.9,"1,499",5.7,"4,467",17.1,"1,726",6.6,888,3.4,"3,052",11.7,"1,005",3.8,527,2,358,1.4,193,0.7,88,0.3,608,2.3
2014,연세대학교(원주) _분교,2학기,"16,801",4.3,"5,174",30.8,"1,645",9.8,883,5.3,"3,444",20.5,"1,154",6.9,564,3.4,"2,275",13.5,601,3.6,299,1.8,211,1.3,122,0.7,109,0.6,320,1.9
2014,열린사이버대학교 _본교,1학기,"2,091",4.5,360,17.2,219,10.5,0,0,479,22.9,296,14.2,0,0,191,9.1,132,6.3,0,0,60,2.9,104,5,0,0,250,12
2014,열린사이버대학교 _본교,2학기,"2,202",4.5,300,13.6,238,10.8,0,0,405,18.4,313,14.2,0,0,225,10.2,201,9.1,0,0,68,3.1,101,4.6,0,0,351,15.9
2014,영남대학교 _본교,1학기,"50,013",4.5,"8,193",16.4,"6,329",12.7,0,0,"10,957",21.9,"4,857",9.7,0,0,"10,212",20.4,"3,656",7.3,0,0,"1,647",3.3,979,2,0,0,"3,183",6.4
2014,영남대학교 _본교,2학기,"44,641",4.5,"7,301",16.4,"5,710",12.8,0,0,"9,928",22.2,"4,282",9.6,0,0,"9,205",20.6,"3,394",7.6,0,0,"1,330",3,868,1.9,0,0,"2,623",5.9
2014,영남신학대학교 _본교,1학기,"1,031",4.5,212,20.6,57,5.5,39,3.8,189,18.3,212,20.6,62,6,122,11.8,34,3.3,40,3.9,0,0,25,2.4,0,0,39,3.8
2014,영남신학대학교 _본교,2학기,971,4.5,198,20.4,68,7,27,2.8,193,19.9,225,23.2,36,3.7,135,13.9,24,2.5,17,1.8,0,0,17,1.8,0,0,31,3.2
2014,영동대학교 _본교,1학기,"9,236",4.5,997,10.8,550,6,0,0,"2,527",27.4,"1,068",11.6,0,0,"2,068",22.4,797,8.6,0,0,155,1.7,166,1.8,0,0,908,9.8
2014,영동대학교 _본교,2학기,"7,823",4.5,941,12,393,5,0,0,"1,870",23.9,974,12.5,0,0,"1,826",23.3,813,10.4,0,0,176,2.2,166,2.1,0,0,664,8.5
2014,영산대학교 _본교,1학기,"8,832",4.5,"1,511",17.1,978,11.1,0,0,"2,226",25.2,943,10.7,0,0,"1,347",15.3,549,6.2,0,0,198,2.2,260,2.9,0,0,820,9.3
2014,영산대학교 _본교,2학기,"7,826",4.5,"1,304",16.7,882,11.3,0,0,"2,014",25.7,781,10,0,0,"1,241",15.9,593,7.6,0,0,188,2.4,235,3,0,0,588,7.5
2014,영산대학교 _제2캠퍼스,1학기,"10,233",4.5,"1,525",14.9,"1,077",10.5,0,0,"2,314",22.6,"1,371",13.4,0,0,"1,575",15.4,780,7.6,0,0,251,2.5,327,3.2,0,0,"1,013",9.9
2014,영산대학교 _제2캠퍼스,2학기,"9,417",4.5,"1,323",14,"1,060",11.3,0,0,"2,255",23.9,"1,124",11.9,0,0,"1,484",15.8,783,8.3,0,0,257,2.7,323,3.4,0,0,808,8.6
2014,영산대학교(산업대) _본교(폐교),1학기,60,4.5,10,16.7,3,5,0,0,8,13.3,0,0,0,0,20,33.3,3,5,0,0,3,5,4,6.7,0,0,9,15
2014,영산대학교(산업대) _본교(폐교),2학기,50,4.5,14,28,2,4,0,0,8,16,3,6,0,0,7,14,9,18,0,0,2,4,4,8,0,0,1,2
2014,영산대학교(산업대) _제2캠퍼스(폐교),1학기,51,4.5,4,7.8,1,2,0,0,5,9.8,6,11.8,0,0,13,25.5,11,21.6,0,0,3,5.9,3,5.9,0,0,5,9.8
2014,영산대학교(산업대) _제2캠퍼스(폐교),2학기,36,4.5,2,5.6,1,2.8,0,0,3,8.3,3,8.3,0,0,7,19.4,8,22.2,0,0,3,8.3,4,11.1,0,0,5,13.9
2014,영산선학대학교 _본교,1학기,34,4.5,8,23.5,14,41.2,0,0,4,11.8,4,11.8,0,0,2,5.9,0,0,0,0,0,0,0,0,0,0,2,5.9
2014,영산선학대학교 _본교,2학기,20,4.5,6,30,7,35,0,0,3,15,4,20,0,0,0,0,0,0,0,0,0,0,0,0,0,0,0,0
2014,예수대학교 _본교,1학기,"1,575",4.5,202,12.8,245,15.6,0,0,430,27.3,281,17.8,0,0,220,14,101,6.4,0,0,53,3.4,26,1.7,0,0,17,1.1
2014,예수대학교 _본교,2학기,"1,143",4.5,118,10.3,127,11.1,0,0,429,37.5,237,20.7,0,0,113,9.9,58,5.1,0,0,29,2.5,18,1.6,0,0,14,1.2
2014,예원예술대학교 _본교,1학기,600,4.5,72,12,81,13.5,0,0,123,20.5,124,20.7,0,0,70,11.7,52,8.7,0,0,28,4.7,11,1.8,0,0,39,6.5
2014,예원예술대학교 _본교,2학기,523,4.5,86,16.4,73,14,0,0,125,23.9,75,14.3,0,0,56,10.7,45,8.6,0,0,11,2.1,8,1.5,0,0,44,8.4
2014,예원예술대학교 _제2캠퍼스,1학기,613,4.5,71,11.6,120,19.6,0,0,163,26.6,101,16.5,0,0,75,12.2,41,6.7,0,0,9,1.5,8,1.3,0,0,25,4.1
2014,예원예술대학교 _제2캠퍼스,2학기,654,4.5,90,13.8,87,13.3,0,0,229,35,82,12.5,0,0,80,12.2,32,4.9,0,0,7,1.1,1,0.2,0,0,46,7
2014,용인대학교 _본교,1학기,"16,116",4.5,"3,220",20,"1,408",8.7,0,0,"4,441",27.6,"1,479",9.2,0,0,"2,389",14.8,"1,114",6.9,0,0,385,2.4,390,2.4,0,0,"1,290",8
2014,용인대학교 _본교,2학기,"14,411",4.5,"2,916",20.2,"1,163",8.1,0,0,"4,029",28,"1,272",8.8,0,0,"2,393",16.6,977,6.8,0,0,323,2.2,328,2.3,0,0,"1,010",7
2014,우석대학교 _본교,1학기,"12,329",4.5,"1,949",15.8,"1,509",12.2,0,0,"2,410",19.5,"1,173",9.5,0,0,"2,495",20.2,"1,094",8.9,0,0,245,2,207,1.7,0,0,"1,247",10.1
2014,우석대학교 _본교,2학기,"10,821",4.5,"1,687",15.6,"1,205",11.1,0,0,"2,257",20.9,927,8.6,0,0,"2,561",23.7,858,7.9,0,0,263,2.4,221,2,0,0,842,7.8
2014,우송대학교 _본교,1학기,"16,840",4.5,"2,726",16.2,"1,191",7.1,0,0,"4,882",29,"1,481",8.8,0,0,"3,862",22.9,"1,310",7.8,0,0,319,1.9,350,2.1,0,0,719,4.3
2014,우송대학교 _본교,2학기,"6,160",4.5,"1,138",18.5,482,7.8,0,0,"1,680",27.3,476,7.7,0,0,"1,370",22.2,443,7.2,0,0,87,1.4,92,1.5,0,0,392,6.4
2014,우송대학교 _본교,3학기,"15,341",4.5,"2,682",17.5,"1,038",6.8,0,0,"4,285",27.9,"1,342",8.7,0,0,"3,591",23.4,"1,073",7,0,0,296,1.9,273,1.8,0,0,761,5
2014,우송대학교 _본교,4학기,"4,851",4.5,905,18.7,291,6,0,0,"1,443",29.7,292,6,0,0,"1,241",25.6,285,5.9,0,0,82,1.7,50,1,0,0,262,5.4
2014,울산과학기술원 _본교,1학기,"2,930",4.3,343,11.7,565,19.3,694,23.7,552,18.8,346,11.8,217,7.4,81,2.8,54,1.8,13,0.4,9,0.3,9,0.3,15,0.5,32,1.1
2014,울산과학기술원 _본교,2학기,"2,972",4.3,321,10.8,572,19.2,810,27.3,518,17.4,337,11.3,219,7.4,67,2.3,42,1.4,30,1,17,0.6,16,0.5,6,0.2,17,0.6
2014,울산대학교 _본교,1학기,"22,707",4.5,"4,705",20.7,"2,712",11.9,0,0,"5,392",23.7,"2,335",10.3,0,0,"3,617",15.9,"1,218",5.4,0,0,"1,395",6.1,471,2.1,0,0,862,3.8
2014,울산대학교 _본교,2학기,"19,813",4.5,"4,587",23.2,"2,295",11.6,0,0,"4,701",23.7,"1,985",10,0,0,"2,937",14.8,"1,077",5.4,0,0,"1,041",5.3,382,1.9,0,0,808,4.1
2014,원광대학교 _본교,1학기,"48,164",4.5,"9,411",19.5,"4,761",9.9,0,0,"11,345",23.6,"4,453",9.2,0,0,"10,893",22.6,"3,252",6.8,0,0,"1,121",2.3,627,1.3,0,0,"2,301",4.8
2014,원광대학교 _본교,2학기,"42,084",4.5,"8,035",19.1,"3,636",8.6,0,0,"10,202",24.2,"3,614",8.6,0,0,"9,609",22.8,"3,103",7.4,0,0,"1,129",2.7,603,1.4,0,0,"2,153",5.1
2014,원광디지털대학교 _본교,1학기,"3,068",4.5,722,23.5,341,11.1,0,0,849,27.7,240,7.8,0,0,551,18,136,4.4,0,0,32,1,10,0.3,0,0,187,6.1
2014,원광디지털대학교 _본교,2학기,"2,488",4.5,556,22.3,254,10.2,0,0,715,28.7,202,8.1,0,0,493,19.8,99,4,0,0,39,1.6,4,0.2,0,0,126,5.1
2014,위덕대학교 _본교,1학기,"7,222",4.5,"1,251",17.3,364,5,0,0,"2,174",30.1,410,5.7,0,0,"2,223",30.8,245,3.4,0,0,77,1.1,74,1,0,0,404,5.6
2014,위덕대학교 _본교,2학기,"6,480",4.5,"1,312",20.2,402,6.2,0,0,"1,932",29.8,569,8.8,0,0,"1,617",25,327,5,0,0,78,1.2,44,0.7,0,0,199,3.1
2014,을지대학교 _본교,1학기,"1,464",4.5,208,14.2,185,12.6,0,0,370,25.3,175,12,0,0,288,19.7,129,8.8,0,0,34,2.3,39,2.7,0,0,36,2.5
2014,을지대학교 _본교,2학기,933,4.5,141,15.1,115,12.3,0,0,200,21.4,144,15.4,0,0,174,18.6,122,13.1,0,0,16,1.7,12,1.3,0,0,9,1
2014,을지대학교 _제2캠퍼스,1학기,"7,468",4.5,"1,330",17.8,986,13.2,0,0,"1,909",25.6,785,10.5,0,0,"1,333",17.8,504,6.7,0,0,171,2.3,96,1.3,0,0,354,4.7
2014,을지대학교 _제2캠퍼스,2학기,"6,717",4.5,"1,165",17.3,855,12.7,0,0,"1,695",25.2,638,9.5,0,0,"1,498",22.3,416,6.2,0,0,110,1.6,64,1,0,0,276,4.1
2014,이화여자대학교 _본교,1학기,"27,180",4.3,"6,096",22.4,"2,365",8.7,924,3.4,"7,297",26.8,"1,924",7.1,479,1.8,"5,326",19.6,"1,284",4.7,459,1.7,281,1,178,0.7,67,0.2,500,1.8
2014,이화여자대학교 _본교,2학기,"25,202",4.3,"5,583",22.2,"2,310",9.2,701,2.8,"6,831",27.1,"1,761",7,376,1.5,"5,118",20.3,"1,260",5,415,1.6,249,1,153,0.6,59,0.2,386,1.5
2014,인제대학교 _본교,1학기,"17,774",4.5,"3,253",18.3,"1,916",10.8,0,0,"4,936",27.8,"2,376",13.4,0,0,"1,995",11.2,"1,802",10.1,0,0,343,1.9,316,1.8,0,0,837,4.7
2014,인제대학교 _본교,2학기,"16,181",4.5,"2,951",18.2,"1,744",10.8,0,0,"4,481",27.7,"2,004",12.4,0,0,"1,795",11.1,"1,644",10.2,0,0,374,2.3,320,2,0,0,868,5.4
2014,인제대학교 _제2캠퍼스,1학기,941,4.5,241,25.6,96,10.2,0,0,297,31.6,80,8.5,0,0,92,9.8,115,12.2,0,0,11,1.2,3,0.3,0,0,6,0.6
2014,인제대학교 _제2캠퍼스,2학기,662,4.5,187,28.2,83,12.5,0,0,169,25.5,67,10.1,0,0,43,6.5,73,11,0,0,13,2,10,1.5,0,0,17,2.6
2014,인천가톨릭대학교 _본교,1학기,186,4.5,34,18.3,34,18.3,0,0,47,25.3,22,11.8,0,0,33,17.7,12,6.5,0,0,2,1.1,2,1.1,0,0,0,0
2014,인천가톨릭대학교 _본교,2학기,203,4.5,28,13.8,45,22.2,0,0,43,21.2,35,17.2,0,0,34,16.7,9,4.4,0,0,6,3,2,1,0,0,1,0.5
2014,인천가톨릭대학교 _제2캠퍼스,1학기,"1,681",4.5,276,16.4,303,18,0,0,393,23.4,214,12.7,0,0,250,14.9,106,6.3,0,0,8,0.5,22,1.3,0,0,109,6.5
2014,인천가톨릭대학교 _제2캠퍼스,2학기,"1,604",4.5,253,15.8,298,18.6,0,0,367,22.9,189,11.8,0,0,245,15.3,84,5.2,0,0,33,2.1,40,2.5,0,0,95,5.9
2014,인천대학교 _본교,1학기,"29,688",4.5,"5,527",18.6,"3,804",12.8,0,0,"8,327",28,"3,240",10.9,0,0,"4,828",16.3,"1,671",5.6,0,0,523,1.8,461,1.6,0,0,"1,307",4.4
2014,인천대학교 _본교,2학기,"28,090",4.5,"5,408",19.3,"3,603",12.8,0,0,"8,032",28.6,"3,024",10.8,0,0,"4,951",17.6,"1,407",5,0,0,408,1.5,359,1.3,0,0,898,3.2
2014,인하대학교 _본교,1학기,"45,215",4.5,"9,042",20,"4,849",10.7,0,0,"11,547",25.5,"5,541",12.3,0,0,"7,526",16.6,"3,047",6.7,0,0,"1,466",3.2,582,1.3,0,0,"1,615",3.6
2014,인하대학교 _본교,2학기,"40,701",4.5,"8,467",20.8,"4,121",10.1,0,0,"10,810",26.6,"4,728",11.6,0,0,"6,701",16.5,"2,621",6.4,0,0,"1,388",3.4,545,1.3,0,0,"1,320",3.2
2014,장로회신학대학교 _본교,1학기,"1,123",4.3,205,18.3,195,17.4,132,11.8,207,18.4,112,10,42,3.7,163,14.5,29,2.6,19,1.7,0,0,10,0.9,0,0,9,0.8
2014,장로회신학대학교 _본교,2학기,"1,098",4.3,166,15.1,180,16.4,108,9.8,258,23.5,102,9.3,37,3.4,158,14.4,42,3.8,9,0.8,0,0,13,1.2,0,0,25,2.3
2014,전남대학교 _본교,1학기,"31,052",4.5,"4,928",15.9,"4,160",13.4,0,0,"7,397",23.8,"4,168",13.4,0,0,"5,041",16.2,"2,540",8.2,0,0,951,3.1,672,2.2,0,0,"1,195",3.8
2014,전남대학교 _본교,2학기,"26,162",4.5,"4,649",17.8,"3,319",12.7,0,0,"6,870",26.3,"3,134",12,0,0,"4,596",17.6,"1,763",6.7,0,0,630,2.4,441,1.7,0,0,760,2.9
2014,전남대학교 _제2캠퍼스,1학기,"6,387",4.5,"1,151",18,628,9.8,0,0,"1,607",25.2,701,11,0,0,"1,215",19,463,7.2,0,0,179,2.8,131,2.1,0,0,312,4.9
2014,전남대학교 _제2캠퍼스,2학기,"5,460",4.5,909,16.6,459,8.4,0,0,"1,527",28,567,10.4,0,0,"1,142",20.9,369,6.8,0,0,131,2.4,125,2.3,0,0,231,4.2
2014,전북대학교 _본교,1학기,"41,792",4.5,"7,335",17.6,"5,907",14.1,0,0,"8,159",19.5,"4,186",10,0,0,"9,226",22.1,"3,808",9.1,0,0,950,2.3,658,1.6,0,0,"1,563",3.7
2014,전북대학교 _본교,2학기,"33,869",4.5,"6,213",18.3,"4,661",13.8,0,0,"6,802",20.1,"3,162",9.3,0,0,"7,520",22.2,"2,990",8.8,0,0,840,2.5,570,1.7,0,0,"1,111",3.3
2014,전주교육대학교 _본교,1학기,"2,359",4.5,551,23.4,358,15.2,0,0,891,37.8,269,11.4,0,0,222,9.4,44,1.9,0,0,6,0.3,7,0.3,0,0,11,0.5
2014,전주교육대학교 _본교,2학기,"3,051",4.5,746,24.5,439,14.4,0,0,"1,097",36,364,11.9,0,0,278,9.1,66,2.2,0,0,9,0.3,5,0.2,0,0,47,1.5
2014,전주대학교 _본교,1학기,"35,753",4.5,"5,804",16.2,"3,626",10.1,0,0,"9,081",25.4,"4,074",11.4,0,0,"6,406",17.9,"2,622",7.3,0,0,"1,362",3.8,956,2.7,0,0,"1,822",5.1
2014,전주대학교 _본교,2학기,"31,565",4.5,"5,568",17.6,"3,301",10.5,0,0,"8,359",26.5,"3,514",11.1,0,0,"5,591",17.7,"2,096",6.6,0,0,974,3.1,670,2.1,0,0,"1,492",4.7
2014,정석대학 _본교,1학기,312,4.5,42,13.5,43,13.8,0,0,73,23.4,49,15.7,0,0,55,17.6,39,12.5,0,0,3,1,3,1,0,0,5,1.6
2014,정석대학 _본교,2학기,348,4.5,49,14.1,50,14.4,0,0,74,21.3,58,16.7,0,0,63,18.1,46,13.2,0,0,3,0.9,5,1.4,0,0,0,0
2014,제주국제대학교 _본교,1학기,"2,016",4.5,340,16.9,291,14.4,0,0,313,15.5,300,14.9,0,0,319,15.8,156,7.7,0,0,56,2.8,63,3.1,0,0,178,8.8
2014,제주국제대학교 _본교,2학기,"1,584",4.5,306,19.3,296,18.7,0,0,403,25.4,143,9,0,0,117,7.4,126,8,0,0,34,2.1,23,1.5,0,0,136,8.6
2014,제주대학교 _본교,1학기,"25,747",4.3,"4,005",15.6,"2,331",9.1,"1,562",6.1,"6,041",23.5,"2,573",10,"1,866",7.2,"2,722",10.6,922,3.6,773,3,489,1.9,245,1,262,1,"1,956",7.6
2014,제주대학교 _본교,2학기,"23,578",4.3,"3,945",16.7,"1,944",8.2,"1,474",6.3,"5,791",24.6,"2,335",9.9,"1,709",7.2,"2,202",9.3,866,3.7,742,3.1,288,1.2,274,1.2,272,1.2,"1,736",7.4
2014,조선대학교 _본교,1학기,"50,786",4.5,"8,048",15.8,"5,106",10.1,0,0,"15,688",30.9,"6,545",12.9,0,0,"8,002",15.8,"2,961",5.8,0,0,957,1.9,913,1.8,0,0,"2,566",5.1
2014,조선대학교 _본교,2학기,"43,555",4.5,"7,332",16.8,"4,316",9.9,0,0,"13,996",32.1,"5,175",11.9,0,0,"6,960",16,"2,304",5.3,0,0,852,2,661,1.5,0,0,"1,959",4.5
2014,중부대학교 _본교,1학기,"22,955",4.5,"3,783",16.5,"2,580",11.2,0,0,"5,998",26.1,"2,694",11.7,0,0,"4,042",17.6,"1,673",7.3,0,0,420,1.8,529,2.3,0,0,"1,236",5.4
2014,중부대학교 _본교,2학기,"21,284",4.5,"3,797",17.8,"2,146",10.1,0,0,"6,041",28.4,"2,095",9.8,0,0,"3,905",18.3,"1,500",7,0,0,345,1.6,405,1.9,0,0,"1,050",4.9
2014,중앙대학교 _본교,1학기,"33,046",4.5,"7,976",24.1,"3,558",10.8,0,0,"9,306",28.2,"2,620",7.9,0,0,"5,698",17.2,"1,175",3.6,0,0,"1,050",3.2,381,1.2,0,0,"1,282",3.9
2014,중앙대학교 _본교,2학기,"31,474",4.5,"7,597",24.1,"3,521",11.2,0,0,"8,964",28.5,"2,442",7.8,0,0,"5,457",17.3,"1,122",3.6,0,0,"1,150",3.7,303,1,0,0,918,2.9
2014,중앙대학교 _제2캠퍼스,1학기,"14,857",4.5,"3,343",22.5,"1,439",9.7,0,0,"3,911",26.3,"1,318",8.9,0,0,"2,560",17.2,635,4.3,0,0,570,3.8,360,2.4,0,0,721,4.9
2014,중앙대학교 _제2캠퍼스,2학기,"14,985",4.5,"3,425",22.9,"1,359",9.1,0,0,"3,933",26.2,"1,372",9.2,0,0,"2,598",17.3,711,4.7,0,0,635,4.2,311,2.1,0,0,641,4.3
2014,중앙승가대학교 _본교,1학기,"1,376",4.5,442,32.1,508,36.9,0,0,205,14.9,146,10.6,0,0,32,2.3,15,1.1,0,0,5,0.4,11,0.8,0,0,12,0.9
2014,중앙승가대학교 _본교,2학기,817,4.5,224,27.4,267,32.7,0,0,172,21.1,80,9.8,0,0,52,6.4,19,2.3,0,0,0,0,3,0.4,0,0,0,0
2014,중원대학교 _본교,1학기,"4,845",4.5,914,18.9,405,8.4,0,0,"1,231",25.4,517,10.7,0,0,884,18.2,328,6.8,0,0,87,1.8,75,1.5,0,0,404,8.3
2014,중원대학교 _본교,2학기,"4,546",4.5,616,13.6,216,4.8,0,0,"1,357",29.9,408,9,0,0,"1,160",25.5,359,7.9,0,0,87,1.9,112,2.5,0,0,231,5.1
2014,진주교육대학교 _본교,1학기,"2,776",4.5,562,20.2,299,10.8,0,0,"1,134",40.9,356,12.8,0,0,269,9.7,73,2.6,0,0,37,1.3,20,0.7,0,0,26,0.9
2014,진주교육대학교 _본교,2학기,"2,396",4.5,468,19.5,298,12.4,0,0,987,41.2,304,12.7,0,0,220,9.2,57,2.4,0,0,19,0.8,20,0.8,0,0,23,1
2014,진주산업대학교(산업대) _본교(폐교),1학기,515,4.5,119,23.1,47,9.1,0,0,133,25.8,38,7.4,0,0,101,19.6,38,7.4,0,0,8,1.6,3,0.6,0,0,28,5.4
2014,진주산업대학교(산업대) _본교(폐교),2학기,447,4.5,99,22.1,33,7.4,0,0,99,22.1,34,7.6,0,0,95,21.3,47,10.5,0,0,9,2,3,0.7,0,0,28,6.3
2014,차의과학대학교 _본교,1학기,"4,224",4.5,791,18.7,692,16.4,0,0,"1,042",24.7,488,11.6,0,0,798,18.9,231,5.5,0,0,41,1,28,0.7,0,0,113,2.7
2014,차의과학대학교 _본교,2학기,"3,873",4.5,663,17.1,639,16.5,0,0,"1,095",28.3,420,10.8,0,0,725,18.7,198,5.1,0,0,41,1.1,33,0.9,0,0,59,1.5
2014,창신대학교 _본교,1학기,"3,063",4.5,978,31.9,366,11.9,0,0,562,18.3,350,11.4,0,0,363,11.9,165,5.4,0,0,78,2.5,80,2.6,0,0,121,4
2014,창신대학교 _본교,2학기,"2,672",4.5,888,33.2,326,12.2,0,0,532,19.9,252,9.4,0,0,324,12.1,120,4.5,0,0,67,2.5,41,1.5,0,0,122,4.6
2014,창원대학교 _본교,1학기,"19,718",4.5,"3,821",19.4,"2,098",10.6,0,0,"4,500",22.8,"1,787",9.1,0,0,"3,301",16.7,"1,494",7.6,0,0,456,2.3,219,1.1,0,0,"2,042",10.4
2014,창원대학교 _본교,2학기,"16,488",4.5,"3,415",20.7,"1,796",10.9,0,0,"3,807",23.1,"1,363",8.3,0,0,"2,978",18.1,"1,167",7.1,0,0,268,1.6,150,0.9,0,0,"1,544",9.4
2014,청운대학교 _본교,1학기,"11,574",4.5,"1,837",15.9,"1,434",12.4,0,0,"2,540",21.9,"1,279",11.1,0,0,"2,322",20.1,963,8.3,0,0,311,2.7,381,3.3,0,0,507,4.4
2014,청운대학교 _본교,2학기,"13,068",4.5,"2,072",15.9,"1,434",11,0,0,"3,003",23,"1,384",10.6,0,0,"2,620",20,"1,102",8.4,0,0,357,2.7,434,3.3,0,0,662,5.1
2014,청주교육대학교 _본교,1학기,"3,285",4.5,551,16.8,439,13.4,0,0,989,30.1,400,12.2,0,0,647,19.7,174,5.3,0,0,32,1,15,0.5,0,0,38,1.2
2014,청주교육대학교 _본교,2학기,"3,243",4.5,627,19.3,379,11.7,0,0,"1,019",31.4,337,10.4,0,0,672,20.7,128,3.9,0,0,46,1.4,11,0.3,0,0,24,0.7
2014,청주대학교 _본교,1학기,"41,637",4.5,"6,854",16.5,"3,860",9.3,0,0,"11,001",26.4,"4,555",10.9,0,0,"8,600",20.7,"3,269",7.9,0,0,690,1.7,401,1,0,0,"2,407",5.8
2014,청주대학교 _본교,2학기,"39,507",4.5,"5,736",14.5,"2,880",7.3,0,0,"9,229",23.4,"3,240",8.2,0,0,"10,186",25.8,"3,812",9.6,0,0,"2,026",5.1,585,1.5,0,0,"1,813",4.6
2014,초당대학교 _본교,1학기,"7,244",4.5,909,12.5,858,11.8,0,0,"1,556",21.5,"1,135",15.7,0,0,"1,248",17.2,742,10.2,0,0,279,3.9,186,2.6,0,0,331,4.6
2014,초당대학교 _본교,2학기,"6,709",4.5,823,12.3,812,12.1,0,0,"1,532",22.8,832,12.4,0,0,"1,186",17.7,647,9.6,0,0,349,5.2,231,3.4,0,0,297,4.4
2014,초당대학교(산업대) _본교(폐교),1학기,"1,289",4.5,215,16.7,130,10.1,0,0,294,22.8,128,9.9,0,0,210,16.3,108,8.4,0,0,67,5.2,56,4.3,0,0,81,6.3
2014,초당대학교(산업대) _본교(폐교),2학기,"1,402",4.5,220,15.7,135,9.6,0,0,311,22.2,142,10.1,0,0,272,19.4,96,6.8,0,0,77,5.5,65,4.6,0,0,84,6
2014,총신대학교 _본교,1학기,"5,754",4.5,732,12.7,"1,020",17.7,0,0,"1,375",23.9,751,13.1,0,0,928,16.1,414,7.2,0,0,130,2.3,101,1.8,0,0,303,5.3
2014,총신대학교 _본교,2학기,"5,238",4.5,696,13.3,848,16.2,0,0,"1,363",26,626,12,0,0,985,18.8,294,5.6,0,0,130,2.5,118,2.3,0,0,178,3.4
2014,추계예술대학교 _본교,1학기,"1,183",4.5,203,17.2,140,11.8,0,0,225,19,126,10.7,0,0,122,10.3,82,6.9,0,0,50,4.2,43,3.6,0,0,192,16.2
2014,추계예술대학교 _본교,2학기,"1,364",4.5,215,15.8,180,13.2,0,0,243,17.8,204,15,0,0,138,10.1,119,8.7,0,0,41,3,82,6,0,0,142,10.4
2014,춘천교육대학교 _본교,1학기,"2,854",4.3,423,14.8,172,6,67,2.3,982,34.4,307,10.8,132,4.6,564,19.8,93,3.3,48,1.7,15,0.5,9,0.3,2,0.1,40,1.4
2014,춘천교육대학교 _본교,2학기,"2,806",4.3,429,15.3,138,4.9,76,2.7,949,33.8,322,11.5,112,4,500,17.8,113,4,48,1.7,29,1,10,0.4,4,0.1,76,2.7
2014,충남대학교 _본교,1학기,"30,508",4.5,"6,893",22.6,"2,631",8.6,0,0,"9,431",30.9,"2,366",7.8,0,0,"5,661",18.6,"1,489",4.9,0,0,582,1.9,342,1.1,0,0,"1,113",3.6
2014,충남대학교 _본교,2학기,"27,398",4.5,"6,234",22.8,"2,144",7.8,0,0,"8,718",31.8,"1,989",7.3,0,0,"5,522",20.2,"1,279",4.7,0,0,441,1.6,280,1,0,0,791,2.9
2014,충북대학교 _본교,1학기,"28,059",4.5,"3,584",12.8,"4,735",16.9,0,0,"6,328",22.6,"6,081",21.7,0,0,"3,300",11.8,"2,336",8.3,0,0,680,2.4,428,1.5,0,0,587,2.1
2014,충북대학교 _본교,2학기,"24,918",4.5,"3,310",13.3,"4,372",17.5,0,0,"5,527",22.2,"5,327",21.4,0,0,"2,899",11.6,"1,955",7.8,0,0,624,2.5,412,1.7,0,0,492,2
2014,침례신학대학교 _본교,1학기,"4,064",4.5,923,22.7,473,11.6,303,7.5,735,18.1,353,8.7,250,6.2,458,11.3,185,4.6,161,4,32,0.8,33,0.8,44,1.1,114,2.8
2014,침례신학대학교 _본교,2학기,"4,055",4.5,898,22.1,484,11.9,395,9.7,659,16.3,305,7.5,269,6.6,424,10.5,184,4.5,158,3.9,52,1.3,32,0.8,62,1.5,133,3.3
2014,칼빈대학교 _본교,1학기,"1,375",4.5,331,24.1,332,24.1,0,0,173,12.6,155,11.3,0,0,73,5.3,86,6.3,0,0,32,2.3,99,7.2,0,0,94,6.8
2014,칼빈대학교 _본교,2학기,"1,370",4.5,347,25.3,322,23.5,0,0,251,18.3,195,14.2,0,0,62,4.5,69,5,0,0,20,1.5,50,3.6,0,0,54,3.9
2014,케이씨대학교 _본교,1학기,"4,393",4.5,605,13.8,565,12.9,0,0,"1,036",23.6,599,13.6,0,0,778,17.7,342,7.8,0,0,110,2.5,108,2.5,0,0,250,5.7
2014,케이씨대학교 _본교,2학기,"3,280",4.5,449,13.7,406,12.4,0,0,768,23.4,413,12.6,0,0,544,16.6,332,10.1,0,0,98,3,103,3.1,0,0,167,5.1
2014,탐라대학교 _본교(폐교),1학기,56,4.5,6,10.7,6,10.7,5,8.9,13,23.2,3,5.4,1,1.8,4,7.1,1,1.8,3,5.4,0,0,1,1.8,1,1.8,12,21.4
2014,탐라대학교 _본교(폐교),2학기,33,4.5,2,6.1,7,21.2,3,9.1,0,0,1,3,8,24.2,1,3,3,9.1,2,6.1,0,0,0,0,1,3,5,15.2
2014,평택대학교 _본교,1학기,"10,225",4.5,"1,300",12.7,816,8,0,0,"2,531",24.8,"1,099",10.7,0,0,"2,167",21.2,857,8.4,0,0,524,5.1,282,2.8,0,0,649,6.3
2014,평택대학교 _본교,2학기,"9,583",4.5,"1,388",14.5,684,7.1,0,0,"2,613",27.3,904,9.4,0,0,"2,118",22.1,716,7.5,0,0,499,5.2,237,2.5,0,0,424,4.4
2014,포항공과대학교 _본교,1학기,"1,404",4.3,178,12.7,220,15.7,206,14.7,354,25.2,194,13.8,120,8.5,67,4.8,29,2.1,14,1,7,0.5,5,0.4,1,0.1,9,0.6
2014,포항공과대학교 _본교,2학기,"1,484",4.3,185,12.5,292,19.7,274,18.5,351,23.7,190,12.8,78,5.3,56,3.8,20,1.3,20,1.3,3,0.2,3,0.2,1,0.1,11,0.7
2014,한경대학교 _본교,1학기,"8,901",4.5,"1,793",20.1,906,10.2,0,0,"2,150",24.2,"1,013",11.4,0,0,"1,554",17.5,555,6.2,0,0,226,2.5,176,2,0,0,528,5.9
2014,한경대학교 _본교,2학기,"7,803",4.5,"1,637",21,748,9.6,0,0,"2,064",26.5,784,10,0,0,"1,408",18,512,6.6,0,0,168,2.2,128,1.6,0,0,354,4.5
2014,한경대학교(산업대) _본교(폐교),1학기,"2,892",4.5,977,33.8,310,10.7,0,0,661,22.9,240,8.3,0,0,337,11.7,125,4.3,0,0,33,1.1,28,1,0,0,181,6.3
2014,한경대학교(산업대) _본교(폐교),2학기,"2,798",4.5,882,31.5,272,9.7,0,0,645,23.1,218,7.8,0,0,396,14.2,123,4.4,0,0,41,1.5,42,1.5,0,0,179,6.4
2014,한국과학기술원 _본교,1학기,"4,660",4.3,763,16.4,966,20.7,"1,016",21.8,790,17,494,10.6,318,6.8,131,2.8,60,1.3,66,1.4,10,0.2,12,0.3,11,0.2,23,0.5
2014,한국과학기술원 _본교,2학기,"4,766",4.3,775,16.3,934,19.6,968,20.3,873,18.3,509,10.7,294,6.2,153,3.2,103,2.2,63,1.3,16,0.3,18,0.4,17,0.4,43,0.9
2014,한국교원대학교 _본교,1학기,"3,563",4.5,706,19.8,164,4.6,66,1.9,"1,195",33.5,277,7.8,105,2.9,806,22.6,90,2.5,72,2,14,0.4,13,0.4,3,0.1,52,1.5
2014,한국교원대학교 _본교,2학기,"3,078",4.5,657,21.3,132,4.3,41,1.3,"1,088",35.3,208,6.8,47,1.5,720,23.4,73,2.4,37,1.2,22,0.7,10,0.3,12,0.4,31,1
2014,한국교통대학교 _본교,1학기,"17,274",4.5,"3,840",22.2,"1,773",10.3,0,0,"4,871",28.2,"1,739",10.1,0,0,"3,069",17.8,943,5.5,0,0,247,1.4,250,1.4,0,0,542,3.1
2014,한국교통대학교 _본교,2학기,"15,679",4.5,"3,664",23.4,"1,595",10.2,0,0,"4,690",29.9,"1,476",9.4,0,0,"2,697",17.2,732,4.7,0,0,222,1.4,191,1.2,0,0,412,2.6
2014,한국교통대학교(산업대) _본교(폐교),1학기,"2,099",4.5,467,22.2,186,8.9,0,0,665,31.7,180,8.6,0,0,340,16.2,106,5.1,0,0,32,1.5,35,1.7,0,0,88,4.2
2014,한국교통대학교(산업대) _본교(폐교),2학기,"1,955",4.5,410,21,132,6.8,0,0,656,33.6,161,8.2,0,0,346,17.7,129,6.6,0,0,31,1.6,28,1.4,0,0,62,3.2
2014,한국국제대학교 _본교,1학기,"3,764",4.5,851,22.6,359,9.5,0,0,"1,090",29,479,12.7,0,0,413,11,240,6.4,0,0,39,1,54,1.4,0,0,239,6.3
2014,한국국제대학교 _본교,2학기,"3,356",4.5,827,24.6,339,10.1,0,0,829,24.7,414,12.3,0,0,436,13,163,4.9,0,0,38,1.1,46,1.4,0,0,264,7.9
2014,한국기술교육대학교 _본교,1학기,"9,602",4.5,"1,983",20.7,847,8.8,0,0,"2,531",26.4,974,10.1,0,0,"1,600",16.7,578,6,0,0,236,2.5,252,2.6,0,0,601,6.3
2014,한국기술교육대학교 _본교,2학기,"8,491",4.5,"1,860",21.9,762,9,0,0,"2,425",28.6,831,9.8,0,0,"1,417",16.7,451,5.3,0,0,196,2.3,188,2.2,0,0,361,4.3
2014,한국방송통신대학교 _본교,1학기,"146,337",4.3,"2,664",1.8,"6,070",4.1,"8,887",6.1,"5,329",3.6,"10,816",7.4,"10,910",7.5,"5,456",3.7,"9,401",6.4,"8,745",6,"4,010",2.7,"6,465",4.4,"5,296",3.6,"62,288",42.6
2014,한국방송통신대학교 _본교,2학기,"148,918",4.3,"4,190",2.8,"7,391",5,"9,570",6.4,"5,788",3.9,"11,089",7.4,"11,579",7.8,"5,889",4,"10,301",6.9,"9,744",6.5,"4,852",3.3,"7,780",5.2,"6,942",4.7,"53,803",36.1
2014,한국산업기술대학교 _본교,1학기,"11,328",4.5,"1,721",15.2,"1,136",10,0,0,"2,812",24.8,"1,378",12.2,0,0,"2,062",18.2,800,7.1,0,0,357,3.2,231,2,0,0,831,7.3
2014,한국산업기술대학교 _본교,2학기,"9,306",4.5,"1,548",16.6,887,9.5,0,0,"2,219",23.8,"1,057",11.4,0,0,"1,713",18.4,620,6.7,0,0,239,2.6,166,1.8,0,0,857,9.2
2014,한국산업기술대학교(산업대) _본교(폐교),1학기,"8,296",4.5,"2,120",25.6,955,11.5,0,0,"2,196",26.5,631,7.6,0,0,"1,436",17.3,371,4.5,0,0,148,1.8,144,1.7,0,0,295,3.6
2014,한국산업기술대학교(산업대) _본교(폐교),2학기,"6,885",4.5,"1,643",23.9,892,13,0,0,"1,777",25.8,575,8.4,0,0,"1,190",17.3,266,3.9,0,0,149,2.2,79,1.1,0,0,314,4.6
2014,한국성서대학교 _본교,1학기,"2,905",4.3,509,17.5,206,7.1,107,3.7,762,26.2,189,6.5,84,2.9,688,23.7,145,5,87,3,28,1,24,0.8,17,0.6,59,2
2014,한국성서대학교 _본교,2학기,"2,256",4.3,403,17.9,125,5.5,99,4.4,605,26.8,132,5.9,79,3.5,531,23.5,115,5.1,64,2.8,22,1,17,0.8,17,0.8,47,2.1
2014,한국예술종합학교 _본교,1학기,"3,821",4.3,986,25.8,766,20,519,13.6,516,13.5,268,7,210,5.5,136,3.6,79,2.1,72,1.9,32,0.8,19,0.5,18,0.5,200,5.2
2014,한국예술종합학교 _본교,2학기,"3,698",4.3,936,25.3,681,18.4,492,13.3,481,13,261,7.1,165,4.5,220,5.9,83,2.2,56,1.5,50,1.4,31,0.8,15,0.4,227,6.1
2014,한국외국어대학교 _본교,1학기,"30,247",4.5,"8,961",29.6,"3,854",12.7,0,0,"6,850",22.6,"1,911",6.3,0,0,"4,917",16.3,"1,235",4.1,0,0,542,1.8,337,1.1,0,0,"1,640",5.4
2014,한국외국어대학교 _본교,2학기,"27,506",4.5,"8,138",29.6,"3,757",13.7,0,0,"6,440",23.4,"1,881",6.8,0,0,"4,549",16.5,"1,036",3.8,0,0,429,1.6,218,0.8,0,0,"1,058",3.8
2014,한국전통문화대학교 _본교,1학기,"1,213",4.5,231,19,143,11.8,0,0,367,30.3,107,8.8,0,0,235,19.4,66,5.4,0,0,17,1.4,9,0.7,0,0,38,3.1
2014,한국전통문화대학교 _본교,2학기,"1,072",4.5,212,19.8,118,11,0,0,317,29.6,116,10.8,0,0,200,18.7,53,4.9,0,0,17,1.6,15,1.4,0,0,24,2.2
2014,한국체육대학교 _본교,1학기,"5,440",4.5,"1,136",20.9,781,14.4,0,0,"1,208",22.2,763,14,0,0,750,13.8,370,6.8,0,0,106,1.9,80,1.5,0,0,246,4.5
2014,한국체육대학교 _본교,2학기,"5,055",4.5,"1,072",21.2,578,11.4,0,0,"1,255",24.8,594,11.8,0,0,687,13.6,300,5.9,0,0,98,1.9,152,3,0,0,319,6.3
2014,한국항공대학교 _본교,1학기,"7,201",4.5,"1,395",19.4,845,11.7,0,0,"2,130",29.6,685,9.5,0,0,"1,386",19.2,347,4.8,0,0,85,1.2,71,1,0,0,257,3.6
2014,한국항공대학교 _본교,2학기,"6,254",4.5,"1,497",23.9,646,10.3,0,0,"1,900",30.4,555,8.9,0,0,"1,201",19.2,242,3.9,0,0,63,1,35,0.6,0,0,115,1.8
2014,한국해양대학교 _본교,1학기,"17,052",4.5,"3,389",19.9,"2,114",12.4,0,0,"4,107",24.1,"1,887",11.1,0,0,"2,805",16.4,"1,089",6.4,0,0,333,2,514,3,0,0,814,4.8
2014,한국해양대학교 _본교,2학기,"14,239",4.5,"2,972",20.9,"1,733",12.2,0,0,"3,464",24.3,"1,470",10.3,0,0,"2,439",17.1,816,5.7,0,0,276,1.9,430,3,0,0,639,4.5
2014,한남대학교 _본교,1학기,"37,791",4.5,"4,291",11.4,"2,755",7.3,"2,526",6.7,"6,619",17.5,"3,517",9.3,"2,603",6.9,"6,598",17.5,"2,780",7.4,"2,358",6.2,723,1.9,481,1.3,691,1.8,"1,849",4.9
2014,한남대학교 _본교,2학기,"35,585",4.5,"3,978",11.2,"2,642",7.4,"2,234",6.3,"6,393",18,"3,325",9.3,"2,310",6.5,"6,636",18.6,"2,711",7.6,"2,159",6.1,618,1.7,451,1.3,628,1.8,"1,500",4.2
2014,한동대학교 _본교,1학기,"8,361",4.5,"1,154",13.8,"1,511",18.1,0,0,"1,857",22.2,"1,310",15.7,0,0,"1,291",15.4,603,7.2,0,0,221,2.6,159,1.9,0,0,255,3
2014,한동대학교 _본교,2학기,"7,115",4.5,987,13.9,"1,228",17.3,0,0,"1,520",21.4,"1,156",16.2,0,0,"1,123",15.8,559,7.9,0,0,181,2.5,125,1.8,0,0,236,3.3
2014,한라대학교 _본교,1학기,"12,926",4.5,"2,322",18,"1,484",11.5,0,0,"2,786",21.6,"1,560",12.1,0,0,"2,631",20.4,"1,066",8.2,0,0,362,2.8,285,2.2,0,0,430,3.3
2014,한라대학교 _본교,2학기,"12,882",4.5,"2,465",19.1,"1,426",11.1,0,0,"2,822",21.9,"1,378",10.7,0,0,"2,477",19.2,"1,177",9.1,0,0,364,2.8,303,2.4,0,0,470,3.6
2014,한려대학교 _본교,1학기,626,4.5,180,28.8,183,29.2,0,0,89,14.2,77,12.3,0,0,38,6.1,22,3.5,0,0,12,1.9,7,1.1,0,0,18,2.9
2014,한려대학교 _본교,2학기,479,4.5,172,35.9,121,25.3,0,0,84,17.5,40,8.4,0,0,16,3.3,16,3.3,0,0,7,1.5,5,1,0,0,18,3.8
2014,한림대학교 _본교,1학기,"21,066",4.5,"4,572",21.7,"2,472",11.7,0,0,"4,190",19.9,"1,839",8.7,0,0,"4,530",21.5,"1,668",7.9,0,0,505,2.4,458,2.2,0,0,832,3.9
2014,한림대학교 _본교,2학기,"18,109",4.5,"4,435",24.5,"2,161",11.9,0,0,"3,789",20.9,"1,413",7.8,0,0,"3,622",20,"1,409",7.8,0,0,453,2.5,315,1.7,0,0,512,2.8
2014,한밭대학교 _본교,1학기,"12,636",4.5,"1,910",15.1,"1,381",10.9,0,0,"3,202",25.3,"1,691",13.4,0,0,"2,182",17.3,982,7.8,0,0,296,2.3,265,2.1,0,0,727,5.8
2014,한밭대학교 _본교,2학기,"10,492",4.5,"1,660",15.8,"1,025",9.8,0,0,"2,684",25.6,"1,244",11.9,0,0,"1,995",19,810,7.7,0,0,230,2.2,271,2.6,0,0,573,5.5
2014,한밭대학교(산업대) _본교(폐교),1학기,"2,231",4.5,444,19.9,243,10.9,0,0,645,28.9,210,9.4,0,0,416,18.6,130,5.8,0,0,40,1.8,34,1.5,0,0,69,3.1
2014,한밭대학교(산업대) _본교(폐교),2학기,"2,303",4.5,503,21.8,235,10.2,0,0,648,28.1,223,9.7,0,0,412,17.9,121,5.3,0,0,33,1.4,56,2.4,0,0,72,3.1
2014,한북대학교 _본교(폐교),1학기,"1,247",4.5,191,15.3,162,13,0,0,333,26.7,145,11.6,0,0,234,18.8,83,6.7,0,0,22,1.8,20,1.6,0,0,57,4.6
2014,한북대학교 _본교(폐교),2학기,"1,346",4.5,194,14.4,200,14.9,0,0,370,27.5,155,11.5,0,0,282,21,64,4.8,0,0,11,0.8,24,1.8,0,0,46,3.4
2014,한서대학교 _본교,1학기,"23,270",4.5,"3,345",14.4,"2,912",12.5,0,0,"5,935",25.5,"3,046",13.1,0,0,"4,523",19.4,"1,748",7.5,0,0,486,2.1,548,2.4,0,0,727,3.1
2014,한서대학교 _본교,2학기,"21,642",4.5,"3,890",18,"2,492",11.5,0,0,"5,770",26.7,"2,385",11,0,0,"3,991",18.4,"1,437",6.6,0,0,380,1.8,489,2.3,0,0,808,3.7
2014,한성대학교 _본교,1학기,"21,841",4.5,"3,510",16.1,"1,577",7.2,0,0,"7,121",32.6,"2,829",13,0,0,"3,654",16.7,"1,229",5.6,0,0,441,2,320,1.5,0,0,"1,160",5.3
2014,한성대학교 _본교,2학기,"20,458",4.5,"3,315",16.2,"1,418",6.9,0,0,"6,908",33.8,"2,485",12.1,0,0,"3,509",17.2,"1,079",5.3,0,0,461,2.3,342,1.7,0,0,941,4.6
2014,한세대학교 _본교,1학기,"7,065",4.5,"1,485",21,788,11.2,0,0,"1,649",23.3,711,10.1,0,0,"1,140",16.1,367,5.2,0,0,145,2.1,200,2.8,0,0,580,8.2
2014,한세대학교 _본교,2학기,"6,168",4.5,"1,414",22.9,655,10.6,0,0,"1,512",24.5,516,8.4,0,0,"1,204",19.5,445,7.2,0,0,71,1.2,51,0.8,0,0,300,4.9
2014,한신대학교 _본교,1학기,"11,576",4.5,"1,520",13.1,798,6.9,0,0,"3,589",31,"1,356",11.7,0,0,"2,204",19,776,6.7,0,0,269,2.3,193,1.7,0,0,871,7.5
2014,한신대학교 _본교,2학기,"9,916",4.5,"1,305",13.2,669,6.7,0,0,"3,204",32.3,"1,061",10.7,0,0,"2,095",21.1,656,6.6,0,0,240,2.4,158,1.6,0,0,528,5.3
2014,한양대학교 _본교,1학기,"51,650",4.5,"13,284",25.7,"8,206",15.9,0,0,"11,871",23,"4,402",8.5,0,0,"7,036",13.6,"2,510",4.9,0,0,838,1.6,433,0.8,0,0,"3,070",5.9
2014,한양대학교 _본교,2학기,"45,947",4.5,"12,601",27.4,"6,708",14.6,0,0,"10,559",23,"3,608",7.9,0,0,"6,496",14.1,"2,352",5.1,0,0,653,1.4,508,1.1,0,0,"2,462",5.4
2014,한양대학교(ERICA) _분교,1학기,"28,939",4.5,"6,135",21.2,"4,161",14.4,0,0,"7,499",25.9,"3,082",10.6,0,0,"4,679",16.2,"1,351",4.7,0,0,484,1.7,299,1,0,0,"1,249",4.3
2014,한양대학교(ERICA) _분교,2학기,"27,867",4.5,"5,950",21.4,"4,159",14.9,0,0,"7,132",25.6,"2,801",10.1,0,0,"4,530",16.3,"1,324",4.8,0,0,465,1.7,334,1.2,0,0,"1,172",4.2
2014,한양사이버대학교 _본교,1학기,"19,866",4.5,"3,570",18,"2,262",11.4,0,0,"5,168",26,"2,513",12.6,0,0,"2,703",13.6,"1,252",6.3,0,0,380,1.9,278,1.4,0,0,"1,740",8.8
2014,한양사이버대학교 _본교,2학기,"17,597",4.5,"2,937",16.7,"2,303",13.1,0,0,"4,605",26.2,"2,084",11.8,0,0,"2,406",13.7,989,5.6,0,0,416,2.4,188,1.1,0,0,"1,669",9.5
2014,한영신학대학교 _본교,1학기,"1,884",4.5,237,12.6,189,10,0,0,634,33.7,325,17.3,0,0,257,13.6,109,5.8,0,0,23,1.2,38,2,0,0,72,3.8
2014,한영신학대학교 _본교,2학기,"1,627",4.5,192,11.8,184,11.3,0,0,559,34.4,249,15.3,0,0,221,13.6,121,7.4,0,0,17,1,29,1.8,0,0,55,3.4
2014,한일장신대학교 _본교,1학기,"1,934",4.5,142,7.3,199,10.3,230,11.9,432,22.3,195,10.1,177,9.2,270,14,100,5.2,105,5.4,10,0.5,13,0.7,19,1,42,2.2
2014,한일장신대학교 _본교,2학기,"1,534",4.5,147,9.6,162,10.6,177,11.5,240,15.6,153,10,172,11.2,194,12.6,81,5.3,87,5.7,28,1.8,8,0.5,20,1.3,65,4.2
2014,한일장신대학교 _본교,3학기,0,4.5,0,0,0,0,0,0,0,0,0,0,0,0,0,0,0,0,0,0,0,0,0,0,0,0,0,0
2014,한중대학교 _본교,1학기,"3,683",4.5,"1,261",34.2,843,22.9,0,0,583,15.8,418,11.3,0,0,153,4.2,96,2.6,0,0,40,1.1,40,1.1,0,0,249,6.8
2014,한중대학교 _본교,2학기,"3,288",4.5,"1,004",30.5,748,22.7,0,0,588,17.9,428,13,0,0,182,5.5,131,4,0,0,35,1.1,27,0.8,0,0,145,4.4
2014,협성대학교 _본교,1학기,"9,598",4.5,"1,692",17.6,731,7.6,0,0,"2,818",29.4,919,9.6,0,0,"1,741",18.1,708,7.4,0,0,253,2.6,261,2.7,0,0,475,4.9
2014,협성대학교 _본교,2학기,"8,841",4.5,"1,521",17.2,821,9.3,0,0,"2,591",29.3,805,9.1,0,0,"1,605",18.2,584,6.6,0,0,238,2.7,246,2.8,0,0,430,4.9
2014,호남대학교 _본교,1학기,"10,482",4.5,"1,381",13.2,930,8.9,0,0,"2,353",22.4,"1,098",10.5,0,0,"2,540",24.2,"1,048",10,0,0,258,2.5,240,2.3,0,0,634,6
2014,호남대학교 _본교,2학기,"9,873",4.5,"1,385",14,758,7.7,0,0,"2,235",22.6,"1,001",10.1,0,0,"2,203",22.3,"1,032",10.5,0,0,285,2.9,266,2.7,0,0,708,7.2
2014,호남신학대학교 _본교,1학기,"1,545",4.5,234,15.1,206,13.3,0,0,359,23.2,185,12,0,0,204,13.2,136,8.8,0,0,111,7.2,37,2.4,0,0,73,4.7
2014,호남신학대학교 _본교,2학기,"1,211",4.5,198,16.4,163,13.5,0,0,269,22.2,138,11.4,0,0,188,15.5,87,7.2,0,0,55,4.5,33,2.7,0,0,80,6.6
2014,호서대학교 _본교,1학기,"34,161",4.5,"4,717",13.8,"3,548",10.4,0,0,"7,504",22,"4,070",11.9,0,0,"7,271",21.3,"3,388",9.9,0,0,"1,131",3.3,947,2.8,0,0,"1,585",4.6
2014,호서대학교 _본교,2학기,"31,274",4.5,"4,626",14.8,"3,048",9.7,0,0,"7,409",23.7,"3,233",10.3,0,0,"6,807",21.8,"2,503",8,0,0,971,3.1,857,2.7,0,0,"1,820",5.8
2014,호원대학교 _본교,1학기,"8,469",4.5,"1,394",16.5,718,8.5,0,0,"2,302",27.2,848,10,0,0,"1,907",22.5,655,7.7,0,0,272,3.2,148,1.7,0,0,225,2.7
2014,호원대학교 _본교,2학기,0,4.5,0,0,0,0,0,0,0,0,0,0,0,0,0,0,0,0,0,0,0,0,0,0,0,0,0,0
2014,호원대학교 _본교,3학기,"7,480",4.5,"1,260",16.8,666,8.9,0,0,"1,949",26.1,855,11.4,0,0,"1,554",20.8,571,7.6,0,0,218,2.9,138,1.8,0,0,269,3.6
2014,홍익대학교 _본교,1학기,"29,203",4.5,"6,382",21.9,"3,226",11,0,0,"8,456",29,"3,049",10.4,0,0,"4,679",16,"1,432",4.9,0,0,593,2,344,1.2,0,0,"1,042",3.6
2014,홍익대학교 _본교,2학기,"28,485",4.5,"6,144",21.6,"3,184",11.2,0,0,"8,484",29.8,"2,917",10.2,0,0,"4,570",16,"1,312",4.6,0,0,499,1.8,356,1.2,0,0,"1,019",3.6
2014,홍익대학교(세종) _분교,1학기,"16,780",4.5,"3,171",18.9,"1,522",9.1,0,0,"4,826",28.8,"1,825",10.9,0,0,"3,445",20.5,927,5.5,0,0,325,1.9,200,1.2,0,0,539,3.2
2014,홍익대학교(세종) _분교,2학기,"16,403",4.5,"3,004",18.3,"1,429",8.7,0,0,"4,509",27.5,"1,581",9.6,0,0,"3,586",21.9,"1,064",6.5,0,0,366,2.2,267,1.6,0,0,597,3.6
2014,화신사이버대학교 _본교,1학기,767,4.5,126,16.4,100,13,0,0,167,21.8,110,14.3,0,0,88,11.5,33,4.3,0,0,19,2.5,37,4.8,0,0,87,11.3
2014,화신사이버대학교 _본교,2학기,816,4.5,151,18.5,126,15.4,0,0,192,23.5,89,10.9,0,0,103,12.6,49,6,0,0,30,3.7,42,5.1,0,0,34,4.2
